Workbook

Sheet INFO UPDATE EXCEL
C3: INFO UPDATE EXCEL
C4: v4.0
C5: - menambah perhitungan progesif pph 21
C6: - menyatukan perhitungan pph 4 (2)
C7: - menambah perhitungan pph 22 jika belanja di Markeplace pemerintah (SIPP)
C9: v4.1
C10: - revisi tarif belanja di MARKETPLACE PEMERINTAH
C12: v5.0
C13: - Update Info Pajak : Jenis dan kode bayar ID Billing
C15: v6.0
C16: - Update info pajak : Objek Pajak yang Dikecualikan
C18: v6.1
... C25: - Update PPN DPP 11/12 dan tarif 12%

Sheet INFO PAJAK
B1: INFO PAJAK BUAT E BILLING | I1: YANG DIKENAKAN DAN DIKECUALIKAN PAJAK, PMK No.231/PMK.03/2019
I2: PPN
B3: Catatan | I3: DIKECUALIKAN
B4: PPN | C4: Transaksi lebih dari 2 juta | I4: 1. JIKA ORANG PRIBADI ADALAH NON PKP, MAKA TIDAK DIKENAKAN PPN
B5: PPh 22 | C5: Transaksi lebih dari 2 juta | I5: 2. dll sbg berikut
B6: PPh 23 | C6: Tidak ada batasan transaksi
I7: a. pembayaran yang jumlahnya paling banyak
B8: PMK NOMOR 59 TAHUN 2022 | I8: Rp2.000.000,00 (dua juta rupiah) tidak termasuk
B9: NAMA YANG TERCANTUM DALAM E BILLING | I9: jumlah PPN atau PPN dan PPnBM yang terutang, dan
B10: NO | C10: JENIS | D10: PENYETORAN | I10: bukan merupakan pembayaran yang dipecah dari suatu
B11: 1 | C11: PPh Pasal 4 Ayat 2 (Persewaan Tanah dan/atau Bangunan) | D11: atas nama Instansi Pemerintah | I11: transaksi yang nilai sebenarnya lebih dari
B12: 2 | C12: PPh Pasal 4 Ayat 2 (Pengalihan Hak atas Tanah dan/atau Bangunan) | D12: atas nama Orang Pribadi/Badan yang menerima pembayaran | I12: Rp2.000.000,00 (duajuta rupiah);
B13: 3 | C13: PPh pasal 4 Ayat 2 (Usaha Jasa Konstruksi) | D13: atas nama Instansi Pemerintah
B14: 4 | C14: PPh Pasal 4 Ayat 2 (Hadiah Undian) | D14: atas nama Instansi Pemerintah | I14: b. pembayaran dengan kartu kredit pemerintah atas
B15: 5 | C15: PPh Pasal 15 | D15: atas nama Instansi Pemerintah | I15: belanja Instansi Pemerintah Pusat sesua1 ketentuan
B16: 6 | C16: PPh Pasal 22 | D16: atas nama Rekanan Pemerintah | I16: peraturan perundang-undangan yang mengatur
B17: 7 | C17: PPh Pasal 23 | D17: atas nama Instansi Pemerintah | I17: mengenai tata cara pembayaran dan penggunaan kartu
B18: 8 | C18: PPN | D18: atas nama Instansi Pemerintah | I18: kredit pemerintah;
I20: c. pembayaran untuk pengadaan tanah;
C22: JENIS PAJAK | I22: d. pembayaran atas penyerahan bahan bakar minyak dan
I23: bahan bakar bukan minyak oleh PT Pertamina
I24: (Persero);
D26: 411121 | E26: PPh 21 | I26: e. pembayaran atas penyerahan jasa telekomunikasi oleh
D27: 411122 | E27: PPh 22 | I27: perusahaan telekomunikasi;
D28: 411124 | E28: PPh 23
D29: 411128 | E29: PPh Final | I29: f. pembayaran atas jasa angkutan udara yang diserahkan
D30: 411211 | E30: PPN Dalam Negeri | I30: oleh perusahaan penerbangan; dan/ atau
D31: 411219 | E31: PPN Lainnya
D32: 411221 | E32: PPN BM Dalam Negeri | I32: g. pembayaran atas penyerahan Barang Kena Pajak
I33: dan/atau Jasa Kena Pajak yang menurut ketentuan
I34: perundang-undangan di bidang perpajakan, mendapat
I35: fasilitas PPN tidak dipungut atau dibebaskan dari
I36: pengenaan PPN.
I38: PPH 21
I39: DIKECUALIKAN
I41: (2) Instansi Pemerintah tidak melakukan pemotongan PPh Pasal
I42: 21 sebagaimana dimaksud pada ayat (1) atas:
I44: a. pembayaran kepada Wajib Pajak yang memiliki dan
C45: JENIS SETORAN PPN | I45: menyerahkan fotokopi surat keterangan berdasarkan
I46: Peraturan Pemerintah yang mengatur tentang PPh atas
I47: penghasilan dari usaha yang diterima atau diperoleh
I48: Wajib Pajak yang memiliki peredaran bruto tertentu,
I49: yang telah dipotong PPh Pasal 4 ayat (2) berdasarkan
I50: Peraturan Pemerintah dimaksud; atau
I52: b. pembayaran penghasilan sebagaimana dimaksud pada
I53: ayat (1) kepada Wajib Pajak yang dapat menyerahkan
I54: fotokopi Surat Keterangan Bebas Pemotongan dan/ atau
I55: Pemungutan PPh berdasarkan ketentuan yang mengatur
I56: mengenai tata cara pengajuan permohonan pembebasan
I57: dari pemotongan dan/atau pemungutan Pajak
I58: Penghasilan oleh pihak lain, yang telah dilegalisasi oleh
... I66: dengan pembayaran atas pembelian barang.
C67: JENIS SETORAN PPh 21
I68: PPH 22
I69: DIKECUALIKAN
I71: (2) Instansi Pemerintah tidak melakukan pemungutan PPh
I72: Pasal 22 sebagaimana dimaksud pada ayat (1) atas:
I74: a. pembayaran yang jumlahnya paling banyak
I75: Rp2.000.000,00 (dua juta rupiah) tidak termasuk PPN
I76: dan bukan merupakan pembayaran yang dipecah dari
I77: suatu transaksi yang nilai sebenarnya lebih dari
I78: Rp2.000.000,00 (dua juta rupiah);
I80: b. pembayaran dengan kartu kredit pemerintah atas belanja
I81: lnstansi Pemerintah Pusat sesuai ketentuan peraturan
I82: perundang-undangan yang mengatur mengenai tata cara
... I85: c. pembayaran untuk:
C86: JENIS SETORAN PPh 22 | I86: 1. pembelian bahan bakar minyak, bahan bakar gas,
I87: pelumas, benda-benda pos; atau
I88: 2. pemakaian air dan listrik;
I90: d. pembayaran untuk pembelian barang sehubungan
I91: dengan penggunaan dana Bantuan Operasional Sekolah
I92: (BOS);
I94: e. pembayaran untuk pembelian gabah dan/ atau beras;
I96: f. pembayaran kepada Wajib Pajak yang memiliki dan
I97: menyerahkan fotokopi surat keterangan berdasarkan
I98: Peraturan Pemerintah yang mengatur tentang PPh atas
I99: penghasilan dari usaha yang diterima atau diperoleh
I100: Wajib Pajak yang memiliki peredaran bruto tertentu,
I101: yang telah dipotong PPh Pasal 4 ayat (2) berdasarkan
... I107: Pemotongan dan/ atau Pemungutan PPh berdasarkan
C108: JENIS SETORAN PPh 23 | I108: ketentuan yang mengatur mengenai tata cara pengajuan
I109: permohonan pembebasan dari pemotongan dan/ atau
I110: pemungutan Pajak Penghasilan oleh pihak lain, yang
I111: telah dilegalisasi oleh KPP yang menerbitkan Surat
I112: Keterangan Bebas dimaksud.
I115: PPH 23
I116: DIKENAKAN
I118: a. bunga termasuk premium, diskonto, dan imbalan karena
I119: jaminan pengembalian utang;
I121: b. royalti;
I123: c. hadiah, penghargaan, bonus, dan sejenisnya selain yang
I124: telah dipotong PPh Pasal 21;
I126: d. sewa dan penghasilan lain sehubungan dengan
... I132: dibebankan pada Anggaran Pendapatan dan Belanja
C133: JENIS SETORAN PPh Final atau 4 (2) | I133: Negara, Anggaran Pendapatan dan Belanja Daerah, atau
I134: Anggaran Pendapatan dan Belanja Desa selain jasa yang
I135: telah dipotong PPh Pasal 21.
I137: PPH 23
I138: DIKECUALIKAN
I140: a. penghasilan yang dibayarkan atau terutang kepada
...

Sheet TARIF PAJAK
A1: PPh 21
A2: No | B2: Uraian | C2: Tarif PPh 21 | D2: Kode Objek Pajak | E2: Keterangan
A3: 1 | B3: Honorarium Yang Berasal dari APBD (Final) | E3: DPP PPh 21 = 100%, Honorarium apapun, termasuk uang saku, uang lembur, Honor Narsum dll. (Diterima oleh ASN)
B4: - Gol. II | C4: 0 | D4: 21-402-01
B5: - Gol. III | C5: 0.05 | D5: 21-402-01
B6: - Gol. IV | C6: 0.15 | D6: 21-402-01
A7: 2 | B7: Jasa Tenaga Ahli (Dokter, pengacara, dan akuntan, yang melakukan pekerjaan bebas dan bertindak untuk dan atas namanya sendiri, bukan untuk dan atas nama persekutuannya. | C7: 5%-35% progesif | D7: 21-100-07 | E7: DPP PPh 21 = Penghasilan Bruto x 50%
A8: 3 | B8: Narasumber, Moderator, Pembicara | C8: 5%-35% progesif | D8: 21-100-09 | E8: DPP PPh 21 = Penghasilan Bruto x 50%
A9: 4 | B9: Jasa Artis (Tanpa Melalui Manajemen) | C9: 5%-35% progesif | D9: 21-100-09 | E9: DPP PPh 21 = Penghasilan Bruto x 50%
A10: 5 | B10: Jasa Dokumentasi dan Publikasi (Perorangan) | C10: 5%-35% progesif | D10: 21-100-09 | E10: DPP PPh 21 = Penghasilan Bruto x 50%
A11: 6 | B11: Peserta kegiatan/Menerima hadiah | C11: 5%-35% progesif | D11: 21-100-09 | E11: DPP PPh 21 = 100%
A12: 7 | B12: Penghargaan Gubernur kepada Perorangan | C12: 5%-35% progesif | D12: 21-100-99 | E12: DPP PPh 21 = 100%
A13: 8 | B13: Jasa lain yang disediakan oleh Orang Pribadi | C13: 5%-35% progesif | D13: 21-100-99 | E13: DPP PPh 21 = 100%
C16: Progesif PPh 21
C17: DPP | D17: Tarif
C18: 0-60jt | D18: 0.05
C19: 60jt-250jt | D19: 0.15
C20: 250jt-500jt | D20: 0.25
C21: 500jt-5M | D21: 0.3
C22: >5M | D22: 0.35
A24: PPN, PPh 22, dan PPh 23 | C24: DPP menjadi 11/12
A25: No | B25: Uraian | C25: Tarif PPN | D25: Tarif PPh 22 | E25: Tarif PPh 23 | F25: Kode Objek Pajak
A26: 1 | B26: Pembelian barang, ATK | C26: 0.12 | D26: 0.015 | E26: - | F26: 22-920-01
A27: 2 | B27: Makanan dan Minuman
B28: 1. - Belanja makan minum dengan menggunakan jasa katering | C28: - | D28: - | E28: 0.02 | F28: 24-104-39 | G28: Contohnya : Jasa Catering makanan
B29: 2. - Belanja makan minum yang disajikan di restoran, hotel, warung, rumah makan, dan semacamnya | C29: - | D29: 0.015 | E29: - | F29: 22-920-01 | G29: Contohnya : belanja di Restoran Ampera, KFC dll
B30: 3. - Belanja makanan dan minuman di minimarket atau semacamnya | C30: 0.12 | D30: 0.015 | E30: - | G30: Contohnya : beli makanan dalam kemasan di Indomaret, Alfamaret, dll
A31: 3 | B31: Pakaian
B32: - Beli jadi | C32: 0.12 | D32: 0.015 | E32: - | F32: 22-920-01
B33: - Jasa Maklon | C33: 0.12 | D33: - | E33: 0.02 | F33: 24-104-31
A34: 4 | B34: Plakat/Vandel/Piala/Cinderamata/Souvenir | C34: 0.12 | D34: 0.015 | E34: - | F34: 22-920-01
A35: 5 | B35: Dokumentasi dan Publikasi (PT,CV,Firma) | C35: 0.12 | D35: - | E35: 0.02 | F35: 24-104-65
A36: 6 | B36: Jasa Penyelenggaraan/EO | C36: 0.12 | D36: - | E36: 0.02 | F36: 24-104-33
A37: 7 | B37: Pencetakan/penerbitan (Surat Kabar) | C37: 0.12 | D37: - | E37: 0.02 | F37: 24-104-54
A38: 8 | B38: Penjilidan/Fotocopy | C38: 0.12 | E38: 0.02 | F38: 24-104-65
A39: 9 | B39: Jasa Dekorasi | C39: 0.12 | D39: - | E39: 0.02 | F39: 24-104-53
A40: 10 | B40: Jasa Keamanan | C40: 0.12 | D40: - | E40: 0.02 | F40: 24-104-32
A41: 11 | B41: Jasa Kebersihan/Cleaning service | C41: 0.12 | D41: - | E41: 0.02 | F41: 24-104-36
A42: 12 | B42: Jasa Konsultasi (Selain Konstruksi) | C42: 0.12 | D42: - | E42: 0.02 | F42: 24-104-03
A43: 13 | B43: Jasa Travel | C43: 0.12 | D43: - | E43: 0.02 | F43: 24-104-18
A44: 14 | B44: Jasa instalasi/pemasangan mesin, peralatan, listrik, telepon, air, gas, ac, dan/atau tv kabel, selain yang dilakukan oleh wajib pajak yang ruang lingkupnya di bidang konstruksi dan mempunyai izin dan/atau sertifikasi sebagai pengusaha konstruksi; | C44: 0.12 | D44: - | E44: 0.02 | F44: 24-104-28
A45: 15 | B45: Jasa perawatan/perbaikan/pemeliharaan mesin, peralatan, listrik, telepon, air, gas, ac, tv kabel, alat transportasi/ kendaraan dan/atau bangunan, selain yang dilakukan oleh wajib pajak yang ruang lingkupnya di bidang konstruksi dan mempunyai izin dan/atau sertifikasi sebagai pengusaha konstruksi | C45: 0.12 | D45: - | E45: 0.02 | F45: 24-104-29
A46: 16 | B46: Jasa penyediaan tempat dan/atau waktu dalam media masa, media luar ruang atau media lain untuk penyampaian informasi | C46: 0.12 | D46: - | E46: 0.02 | F46: 24-104-34
A47: 17 | B47: Jasa pembuatan saranan promosi film, iklan, poster, photo, slide, klise, banner, pamphlet, baliho dan folder | C47: 0.12 | D47: - | E47: 0.02 | F47: 24-104-23
A48: 18 | B48: Jasa sehubungan dengan software computer, termasuk perawatan, pemeliharaan dan perbaikan | C48: 0.12 | D48: - | E48: 0.02 | F48: 24-104-24
A49: 19 | B49: Jasa pembuatan dan/atau pengelolaan website | C49: 0.12 | D49: - | E49: 0.02 | F49: 24-104-25
A50: 20 | B50: Jasa Internet termasuk sambungannya | C50: 0.12 | D50: - | E50: 0.02 | F50: 24-104-26
... A52: 22 | B52: Sewa Kendaraan, Sewa Tenda/Stand Pameran/Panggung | C52: 0.12 | D52: - | E52: 0.02 | F52: 24-100-02
A53: 23 | B53: Penghargaan Gubernur Kepada Instansi | E53: 0.15 | F53: 24-100-01
A54: 24 | B54: Belanja pada Sistem Informasi Pengadaan Pemerintah (SIPP), misal: SIPLAH, E-KATALOG, TOKO DARING | C54: 0.12 | D54: 0.005
A56: PPN dan PPh 4 ayat 2 (Final)
A57: No | B57: Uraian | D57: Tarif PPN | E57: Tarif PPh 4 (2) | F57: Kode Objek Pajak
A58: 1 | B58: Pekerjaan Konstruksi (Memiliki Sertifikasi Kualifikasi Kecil/Perorangan) | D58: 0.12 | E58: 0.0175 | F58: 28-409-22
A59: 2 | B59: Pekerjaan Konstruksi (Tidak Memiliki Sertifikasi Kualifikasi) | D59: 0.12 | E59: 0.04 | F59: 28-409-23
A60: 3 | B60: Pekerjaan Konstruksi (Memiliki Sertifikasi selain Kualifikasi kecil) | D60: 0.12 | E60: 0.0265 | F60: 28-409-24
A61: 4 | B61: Pekerjaan Konstruksi Terintegrasi (Memiliki sertifikasi) | D61: 0.12 | E61: 0.0265 | F61: 28-409-25
A62: 5 | B62: Pekerjaan Konstruksi Terintegrasi (Tidak Memiliki sertifikasi) | D62: 0.12 | E62: 0.04 | F62: 28-409-26
A63: 6 | B63: Konsultansi Konstruksi (Memiliki Sertifikasi) | D63: 0.12 | E63: 0.035 | F63: 28-409-27
A64: 7 | B64: Konsultansi Konstruksi (Tidak Memiliki Sertifikasi) | D64: 0.12 | E64: 0.06 | F64: 28-409-28
A65: 8 | B65: Sewa Gedung, Tanah, Gedung Pertemuan | D65: 0.12 | E65: 0.1 | F65: 28-403-02
A66: 9 | B66: Transaksi dengan UMKM PP 23 2018 (harus memiliki SUKET PP 23) | D66: - | E66: 0.005 | F66: 28-423-01
A67: 10 | B67: pengalihan hak atas tanah dan atau bangunan | D67: 0.12 | E67: 0.025
A68: PPN dan PPh 15
A69: No | B69: Uraian | C69: Tarif PPh 15 | D69: Kode Objek Pjk | E69: Keterengan
A70: 1 | B70: Charter Pesawat/Helikopter Kepada Perusahaan Penerbangan dalam Negeri (PPN 11%) | C70: 0.018 | D70: 29-101-01 | E70: Bila bukan kepada Perusahaan Penerbangan DN, maka dikenakan PPh 21 (orang pribadi) atau PPh 23 (Badan)
A72: PPh 26
A73: No | B73: Uraian | C73: Tarif PPh 26 | D73: Keterangan
A74: 1 | B74: Narasumber Luar Negeri | C74: 0.2 | D74: Jika tidak memiliki Tax Id Number/NPWP, maka ditulis 00.000.000.0-000.000
B75: DPP PPN = Total Transaski (Termasuk PPN) x 100 / 111
B76: PPN = DPP PPN x 11%
B77: PPN = Total Transaksi (Termasuk PPN) x 11 / 111
B79: Catatan
B80: PPN | C80: Transaksi lebih dari 2 juta
B81: PPh 22 | C81: Transaksi lebih dari 2 juta
B82: PPh 23 | C82: Tidak ada batasan transaksi
B86: Credit to : Tathya Pradipta

Sheet TER pph 21
N1: 1 | Q1: ="PEGAWAI KE "&N1 -> PEGAWAI KE 1 | Y1: =1+N1 -> 2 | AB1: ="PEGAWAI KE "&Y1 -> PEGAWAI KE 2 | AJ1: =1+Y1 -> 3 | AM1: ="PEGAWAI KE "&AJ1 -> PEGAWAI KE 3 | AU1: =1+AJ1 -> 4 | AX1: ="PEGAWAI KE "&AU1 -> PEGAWAI KE 4 | BF1: =1+AU1 -> 5 | BI1: ="PEGAWAI KE "&BF1 -> PEGAWAI KE 5 | BQ1: =1+BF1 -> 6 | BT1: ="PEGAWAI KE "&BQ1 -> PEGAWAI KE 6 | CB1: =1+BQ1 -> 7 | CE1: ="PEGAWAI KE "&CB1 -> PEGAWAI KE 7 | CM1: =1+CB1 -> 8 | CP1: ="PEGAWAI KE "&CM1 -> PEGAWAI KE 8 | CX1: =1+CM1 -> 9 | DA1: ="PEGAWAI KE "&CX1 -> PEGAWAI KE 9 | DI1: =1+CX1 -> 10 | DL1: ="PEGAWAI KE "&DI1 -> PEGAWAI KE 10
O2: =_xlfn.XLOOKUP(Q1,$C:$C,$D:$D) -> TER A: TK/0 TK/1 K/0 | P2: =_xlfn.XLOOKUP(Q1,$C:$C,$E:$E) -> 10000000 | Q2: =SUM(W4:W129) -> 0.02 | Z2: =_xlfn.XLOOKUP(AB1,$C:$C,$D:$D) -> TER B: TK/2 TK/3 K/1 K/2 | AA2: =_xlfn.XLOOKUP(AB1,$C:$C,$E:$E) -> 15000000 | AB2: =SUM(AH4:AH129) -> 0.06 | AK2: =_xlfn.XLOOKUP(AM1,$C:$C,$D:$D) -> TER C: K/3 | AL2: =_xlfn.XLOOKUP(AM1,$C:$C,$E:$E) -> 20000000 | AM2: =SUM(AS4:AS129) -> 0.08 | AV2: =_xlfn.XLOOKUP(AX1,$C:$C,$D:$D) -> TER A: TK/0 TK/1 K/0 | AW2: =_xlfn.XLOOKUP(AX1,$C:$C,$E:$E) -> 25000000 | AX2: =SUM(BD4:BD129) -> 0.1 | BG2: =_xlfn.XLOOKUP(BI1,$C:$C,$D:$D) -> TER B: TK/2 TK/3 K/1 K/2 | BH2: =_xlfn.XLOOKUP(BI1,$C:$C,$E:$E) -> 30000000 | BI2: =SUM(BO4:BO129) -> 0.12 | BR2: =_xlfn.XLOOKUP(BT1,$C:$C,$D:$D) -> TER C: K/3 | BS2: =_xlfn.XLOOKUP(BT1,$C:$C,$E:$E) -> 35000000 | BT2: =SUM(BZ4:BZ129) -> 0.14 | CC2: =_xlfn.XLOOKUP(CE1,$C:$C,$D:$D) -> TER A: TK/0 TK/1 K/0 | CD2: =_xlfn.XLOOKUP(CE1,$C:$C,$E:$E) -> 40000000 | CE2: =SUM(CK4:CK129) -> 0.16 | CN2: =_xlfn.XLOOKUP(CP1,$C:$C,$D:$D) -> TER B: TK/2 TK/3 K/1 K/2 | CO2: =_xlfn.XLOOKUP(CP1,$C:$C,$E:$E) -> 45000000 | CP2: =SUM(CV4:CV129) -> 0.16 | CY2: =_xlfn.XLOOKUP(DA1,$C:$C,$D:$D) -> TER C: K/3 | CZ2: =_xlfn.XLOOKUP(DA1,$C:$C,$E:$E) -> 50000000 | DA2: =SUM(DG4:DG129) -> 0.18 | DJ2: =_xlfn.XLOOKUP(DL1,$C:$C,$D:$D) -> TER A: TK/0 TK/1 K/0 | DK2: =_xlfn.XLOOKUP(DL1,$C:$C,$E:$E) -> 55000000 | DL2: =SUM(DR4:DR129) -> 0.19
C3: PEGAWAI | D3: PTKP | E3: PENGHASILAN BRUTO PERBULAN | F3: % | G3: PPh 21 | N3: No | O3: Lapisan Penghasilan Bruto (Rp) | R3: TER A | S3: CEK PTKP | T3: CEK MIN | U3: CEK MAKS | V3: TARIF | Y3: No | Z3: Lapisan Penghasilan Bruto (Rp) | AC3: TER A | AD3: CEK PTKP | AE3: CEK MIN | AF3: CEK MAKS | AG3: TARIF | AJ3: No | AK3: Lapisan Penghasilan Bruto (Rp) | AN3: TER A | AO3: CEK PTKP | AP3: CEK MIN | AQ3: CEK MAKS | AR3: TARIF | AU3: No | AV3: Lapisan Penghasilan Bruto (Rp) | AY3: TER A | AZ3: CEK PTKP | BA3: CEK MIN | BB3: CEK MAKS | BC3: TARIF | BF3: No | BG3: Lapisan Penghasilan Bruto (Rp) | BJ3: TER A | BK3: CEK PTKP | BL3: CEK MIN | BM3: CEK MAKS | BN3: TARIF | BQ3: No | BR3: Lapisan Penghasilan Bruto (Rp) | BU3: TER A | BV3: CEK PTKP | BW3: CEK MIN | BX3: CEK MAKS | BY3: TARIF | CB3: No | CC3: Lapisan Penghasilan Bruto (Rp) | CF3: TER A | CG3: CEK PTKP | CH3: CEK MIN | CI3: CEK MAKS | CJ3: TARIF | CM3: No | CN3: Lapisan Penghasilan Bruto (Rp) | CQ3: TER A | CR3: CEK PTKP | CS3: CEK MIN | CT3: CEK MAKS | CU3: TARIF | CX3: No | CY3: Lapisan Penghasilan Bruto (Rp) | DB3: TER A | DC3: CEK PTKP | DD3: CEK MIN | DE3: CEK MAKS | DF3: TARIF | DI3: No | DJ3: Lapisan Penghasilan Bruto (Rp) | DM3: TER A | DN3: CEK PTKP | DO3: CEK MIN | DP3: CEK MAKS | DQ3: TARIF
C4: PEGAWAI KE 1 | D4: TER A: TK/0 TK/1 K/0 | E4: =10000000 -> 10000000 | F4: =SUMIFS($2:$2,$1:$1,C4) -> 0.02 | G4: =E4*F4 -> 200000 | N4: TER A: TK/0 TK/1 K/0 | O4: 0 | P4: s.d. | Q4: 5400000 | R4: 0 | S4: =IF(N4=O$2,"OK","") -> OK | T4: =IF(P$2>=O4,"OK","") -> OK | U4: =IF(P$2<=Q4,"OK","") | V4: =S4&T4&U4 -> OKOK | W4: =IF(V4="OKOKOK",R4,0) -> 0 | Y4: TER A: TK/0 TK/1 K/0 | Z4: 0 | AA4: s.d. | AB4: 5400000 | AC4: 0 | AD4: =IF(Y4=Z$2,"OK","") | AE4: =IF(AA$2>=Z4,"OK","") -> OK | AF4: =IF(AA$2<=AB4,"OK","") | AG4: =AD4&AE4&AF4 -> OK | AH4: =IF(AG4="OKOKOK",AC4,0) -> 0 | AJ4: TER A: TK/0 TK/1 K/0 | AK4: 0 | AL4: s.d. | AM4: 5400000 | AN4: 0 | AO4: =IF(AJ4=AK$2,"OK","") | AP4: =IF(AL$2>=AK4,"OK","") -> OK | AQ4: =IF(AL$2<=AM4,"OK","") | AR4: =AO4&AP4&AQ4 -> OK | AS4: =IF(AR4="OKOKOK",AN4,0) -> 0 | AU4: TER A: TK/0 TK/1 K/0 | AV4: 0 | AW4: s.d. | AX4: 5400000 | AY4: 0 | AZ4: =IF(AU4=AV$2,"OK","") -> OK | BA4: =IF(AW$2>=AV4,"OK","") -> OK | BB4: =IF(AW$2<=AX4,"OK","") | BC4: =AZ4&BA4&BB4 -> OKOK | BD4: =IF(BC4="OKOKOK",AY4,0) -> 0 | BF4: TER A: TK/0 TK/1 K/0 | BG4: 0 | BH4: s.d. | BI4: 5400000 | BJ4: 0 | BK4: =IF(BF4=BG$2,"OK","") | BL4: =IF(BH$2>=BG4,"OK","") -> OK | BM4: =IF(BH$2<=BI4,"OK","") | BN4: =BK4&BL4&BM4 -> OK | BO4: =IF(BN4="OKOKOK",BJ4,0) -> 0 | BQ4: TER A: TK/0 TK/1 K/0 | BR4: 0 | BS4: s.d. | BT4: 5400000 | BU4: 0 | BV4: =IF(BQ4=BR$2,"OK","") | BW4: =IF(BS$2>=BR4,"OK","") -> OK | BX4: =IF(BS$2<=BT4,"OK","") | BY4: =BV4&BW4&BX4 -> OK | BZ4: =IF(BY4="OKOKOK",BU4,0) -> 0 | CB4: TER A: TK/0 TK/1 K/0 | CC4: 0 | CD4: s.d. | CE4: 5400000 | CF4: 0 | CG4: =IF(CB4=CC$2,"OK","") -> OK | CH4: =IF(CD$2>=CC4,"OK","") -> OK | CI4: =IF(CD$2<=CE4,"OK","") | CJ4: =CG4&CH4&CI4 -> OKOK | CK4: =IF(CJ4="OKOKOK",CF4,0) -> 0 | CM4: TER A: TK/0 TK/1 K/0 | CN4: 0 | CO4: s.d. | CP4: 5400000 | CQ4: 0 | CR4: =IF(CM4=CN$2,"OK","") | CS4: =IF(CO$2>=CN4,"OK","") -> OK | CT4: =IF(CO$2<=CP4,"OK","") | CU4: =CR4&CS4&CT4 -> OK | CV4: =IF(CU4="OKOKOK",CQ4,0) -> 0 | CX4: TER A: TK/0 TK/1 K/0 | CY4: 0 | CZ4: s.d. | DA4: 5400000 | DB4: 0 | DC4: =IF(CX4=CY$2,"OK","") | DD4: =IF(CZ$2>=CY4,"OK","") -> OK | DE4: =IF(CZ$2<=DA4,"OK","") | DF4: =DC4&DD4&DE4 -> OK | DG4: =IF(DF4="OKOKOK",DB4,0) -> 0 | DI4: TER A: TK/0 TK/1 K/0 | DJ4: 0 | DK4: s.d. | DL4: 5400000 | DM4: 0 | DN4: =IF(DI4=DJ$2,"OK","") -> OK | DO4: =IF(DK$2>=DJ4,"OK","") -> OK | DP4: =IF(DK$2<=DL4,"OK","") | DQ4: =DN4&DO4&DP4 -> OKOK | DR4: =IF(DQ4="OKOKOK",DM4,0) -> 0
C5: PEGAWAI KE 2 | D5: TER B: TK/2 TK/3 K/1 K/2 | E5: =E4+5000000 -> 15000000 | F5: =SUMIFS($2:$2,$1:$1,C5) -> 0.06 | G5: =E5*F5 -> 900000 | N5: TER A: TK/0 TK/1 K/0 | O5: 5400001 | P5: s.d. | Q5: 5650000 | R5: 0.0025 | S5: =IF(N5=O$2,"OK","") -> OK | T5: =IF(P$2>=O5,"OK","") -> OK | U5: =IF(P$2<=Q5,"OK","") | V5: =S5&T5&U5 -> OKOK | W5: =IF(V5="OKOKOK",R5,0) -> 0 | Y5: TER A: TK/0 TK/1 K/0 | Z5: 5400001 | AA5: s.d. | AB5: 5650000 | AC5: 0.0025 | AD5: =IF(Y5=Z$2,"OK","") | AE5: =IF(AA$2>=Z5,"OK","") -> OK | AF5: =IF(AA$2<=AB5,"OK","") | AG5: =AD5&AE5&AF5 -> OK | AH5: =IF(AG5="OKOKOK",AC5,0) -> 0 | AJ5: TER A: TK/0 TK/1 K/0 | AK5: 5400001 | AL5: s.d. | AM5: 5650000 | AN5: 0.0025 | AO5: =IF(AJ5=AK$2,"OK","") | AP5: =IF(AL$2>=AK5,"OK","") -> OK | AQ5: =IF(AL$2<=AM5,"OK","") | AR5: =AO5&AP5&AQ5 -> OK | AS5: =IF(AR5="OKOKOK",AN5,0) -> 0 | AU5: TER A: TK/0 TK/1 K/0 | AV5: 5400001 | AW5: s.d. | AX5: 5650000 | AY5: 0.0025 | AZ5: =IF(AU5=AV$2,"OK","") -> OK | BA5: =IF(AW$2>=AV5,"OK","") -> OK | BB5: =IF(AW$2<=AX5,"OK","") | BC5: =AZ5&BA5&BB5 -> OKOK | BD5: =IF(BC5="OKOKOK",AY5,0) -> 0 | BF5: TER A: TK/0 TK/1 K/0 | BG5: 5400001 | BH5: s.d. | BI5: 5650000 | BJ5: 0.0025 | BK5: =IF(BF5=BG$2,"OK","") | BL5: =IF(BH$2>=BG5,"OK","") -> OK | BM5: =IF(BH$2<=BI5,"OK","") | BN5: =BK5&BL5&BM5 -> OK | BO5: =IF(BN5="OKOKOK",BJ5,0) -> 0 | BQ5: TER A: TK/0 TK/1 K/0 | BR5: 5400001 | BS5: s.d. | BT5: 5650000 | BU5: 0.0025 | BV5: =IF(BQ5=BR$2,"OK","") | BW5: =IF(BS$2>=BR5,"OK","") -> OK | BX5: =IF(BS$2<=BT5,"OK","") | BY5: =BV5&BW5&BX5 -> OK | BZ5: =IF(BY5="OKOKOK",BU5,0) -> 0 | CB5: TER A: TK/0 TK/1 K/0 | CC5: 5400001 | CD5: s.d. | CE5: 5650000 | CF5: 0.0025 | CG5: =IF(CB5=CC$2,"OK","") -> OK | CH5: =IF(CD$2>=CC5,"OK","") -> OK | CI5: =IF(CD$2<=CE5,"OK","") | CJ5: =CG5&CH5&CI5 -> OKOK | CK5: =IF(CJ5="OKOKOK",CF5,0) -> 0 | CM5: TER A: TK/0 TK/1 K/0 | CN5: 5400001 | CO5: s.d. | CP5: 5650000 | CQ5: 0.0025 | CR5: =IF(CM5=CN$2,"OK","") | CS5: =IF(CO$2>=CN5,"OK","") -> OK | CT5: =IF(CO$2<=CP5,"OK","") | CU5: =CR5&CS5&CT5 -> OK | CV5: =IF(CU5="OKOKOK",CQ5,0) -> 0 | CX5: TER A: TK/0 TK/1 K/0 | CY5: 5400001 | CZ5: s.d. | DA5: 5650000 | DB5: 0.0025 | DC5: =IF(CX5=CY$2,"OK","") | DD5: =IF(CZ$2>=CY5,"OK","") -> OK | DE5: =IF(CZ$2<=DA5,"OK","") | DF5: =DC5&DD5&DE5 -> OK | DG5: =IF(DF5="OKOKOK",DB5,0) -> 0 | DI5: TER A: TK/0 TK/1 K/0 | DJ5: 5400001 | DK5: s.d. | DL5: 5650000 | DM5: 0.0025 | DN5: =IF(DI5=DJ$2,"OK","") -> OK | DO5: =IF(DK$2>=DJ5,"OK","") -> OK | DP5: =IF(DK$2<=DL5,"OK","") | DQ5: =DN5&DO5&DP5 -> OKOK | DR5: =IF(DQ5="OKOKOK",DM5,0) -> 0
C6: PEGAWAI KE 3 | D6: TER C: K/3 | E6: =E5+5000000 -> 20000000 | F6: =SUMIFS($2:$2,$1:$1,C6) -> 0.08 | G6: =E6*F6 -> 1600000 | N6: TER A: TK/0 TK/1 K/0 | O6: 5650001 | P6: s.d. | Q6: 5950000 | R6: 0.005 | S6: =IF(N6=O$2,"OK","") -> OK | T6: =IF(P$2>=O6,"OK","") -> OK | U6: =IF(P$2<=Q6,"OK","") | V6: =S6&T6&U6 -> OKOK | W6: =IF(V6="OKOKOK",R6,0) -> 0 | Y6: TER A: TK/0 TK/1 K/0 | Z6: 5650001 | AA6: s.d. | AB6: 5950000 | AC6: 0.005 | AD6: =IF(Y6=Z$2,"OK","") | AE6: =IF(AA$2>=Z6,"OK","") -> OK | AF6: =IF(AA$2<=AB6,"OK","") | AG6: =AD6&AE6&AF6 -> OK | AH6: =IF(AG6="OKOKOK",AC6,0) -> 0 | AJ6: TER A: TK/0 TK/1 K/0 | AK6: 5650001 | AL6: s.d. | AM6: 5950000 | AN6: 0.005 | AO6: =IF(AJ6=AK$2,"OK","") | AP6: =IF(AL$2>=AK6,"OK","") -> OK | AQ6: =IF(AL$2<=AM6,"OK","") | AR6: =AO6&AP6&AQ6 -> OK | AS6: =IF(AR6="OKOKOK",AN6,0) -> 0 | AU6: TER A: TK/0 TK/1 K/0 | AV6: 5650001 | AW6: s.d. | AX6: 5950000 | AY6: 0.005 | AZ6: =IF(AU6=AV$2,"OK","") -> OK | BA6: =IF(AW$2>=AV6,"OK","") -> OK | BB6: =IF(AW$2<=AX6,"OK","") | BC6: =AZ6&BA6&BB6 -> OKOK | BD6: =IF(BC6="OKOKOK",AY6,0) -> 0 | BF6: TER A: TK/0 TK/1 K/0 | BG6: 5650001 | BH6: s.d. | BI6: 5950000 | BJ6: 0.005 | BK6: =IF(BF6=BG$2,"OK","") | BL6: =IF(BH$2>=BG6,"OK","") -> OK | BM6: =IF(BH$2<=BI6,"OK","") | BN6: =BK6&BL6&BM6 -> OK | BO6: =IF(BN6="OKOKOK",BJ6,0) -> 0 | BQ6: TER A: TK/0 TK/1 K/0 | BR6: 5650001 | BS6: s.d. | BT6: 5950000 | BU6: 0.005 | BV6: =IF(BQ6=BR$2,"OK","") | BW6: =IF(BS$2>=BR6,"OK","") -> OK | BX6: =IF(BS$2<=BT6,"OK","") | BY6: =BV6&BW6&BX6 -> OK | BZ6: =IF(BY6="OKOKOK",BU6,0) -> 0 | CB6: TER A: TK/0 TK/1 K/0 | CC6: 5650001 | CD6: s.d. | CE6: 5950000 | CF6: 0.005 | CG6: =IF(CB6=CC$2,"OK","") -> OK | CH6: =IF(CD$2>=CC6,"OK","") -> OK | CI6: =IF(CD$2<=CE6,"OK","") | CJ6: =CG6&CH6&CI6 -> OKOK | CK6: =IF(CJ6="OKOKOK",CF6,0) -> 0 | CM6: TER A: TK/0 TK/1 K/0 | CN6: 5650001 | CO6: s.d. | CP6: 5950000 | CQ6: 0.005 | CR6: =IF(CM6=CN$2,"OK","") | CS6: =IF(CO$2>=CN6,"OK","") -> OK | CT6: =IF(CO$2<=CP6,"OK","") | CU6: =CR6&CS6&CT6 -> OK | CV6: =IF(CU6="OKOKOK",CQ6,0) -> 0 | CX6: TER A: TK/0 TK/1 K/0 | CY6: 5650001 | CZ6: s.d. | DA6: 5950000 | DB6: 0.005 | DC6: =IF(CX6=CY$2,"OK","") | DD6: =IF(CZ$2>=CY6,"OK","") -> OK | DE6: =IF(CZ$2<=DA6,"OK","") | DF6: =DC6&DD6&DE6 -> OK | DG6: =IF(DF6="OKOKOK",DB6,0) -> 0 | DI6: TER A: TK/0 TK/1 K/0 | DJ6: 5650001 | DK6: s.d. | DL6: 5950000 | DM6: 0.005 | DN6: =IF(DI6=DJ$2,"OK","") -> OK | DO6: =IF(DK$2>=DJ6,"OK","") -> OK | DP6: =IF(DK$2<=DL6,"OK","") | DQ6: =DN6&DO6&DP6 -> OKOK | DR6: =IF(DQ6="OKOKOK",DM6,0) -> 0
C7: PEGAWAI KE 4 | D7: TER A: TK/0 TK/1 K/0 | E7: =E6+5000000 -> 25000000 | F7: =SUMIFS($2:$2,$1:$1,C7) -> 0.1 | G7: =E7*F7 -> 2500000 | N7: TER A: TK/0 TK/1 K/0 | O7: 5950001 | P7: s.d. | Q7: 6300000 | R7: 0.0075 | S7: =IF(N7=O$2,"OK","") -> OK | T7: =IF(P$2>=O7,"OK","") -> OK | U7: =IF(P$2<=Q7,"OK","") | V7: =S7&T7&U7 -> OKOK | W7: =IF(V7="OKOKOK",R7,0) -> 0 | Y7: TER A: TK/0 TK/1 K/0 | Z7: 5950001 | AA7: s.d. | AB7: 6300000 | AC7: 0.0075 | AD7: =IF(Y7=Z$2,"OK","") | AE7: =IF(AA$2>=Z7,"OK","") -> OK | AF7: =IF(AA$2<=AB7,"OK","") | AG7: =AD7&AE7&AF7 -> OK | AH7: =IF(AG7="OKOKOK",AC7,0) -> 0 | AJ7: TER A: TK/0 TK/1 K/0 | AK7: 5950001 | AL7: s.d. | AM7: 6300000 | AN7: 0.0075 | AO7: =IF(AJ7=AK$2,"OK","") | AP7: =IF(AL$2>=AK7,"OK","") -> OK | AQ7: =IF(AL$2<=AM7,"OK","") | AR7: =AO7&AP7&AQ7 -> OK | AS7: =IF(AR7="OKOKOK",AN7,0) -> 0 | AU7: TER A: TK/0 TK/1 K/0 | AV7: 5950001 | AW7: s.d. | AX7: 6300000 | AY7: 0.0075 | AZ7: =IF(AU7=AV$2,"OK","") -> OK | BA7: =IF(AW$2>=AV7,"OK","") -> OK | BB7: =IF(AW$2<=AX7,"OK","") | BC7: =AZ7&BA7&BB7 -> OKOK | BD7: =IF(BC7="OKOKOK",AY7,0) -> 0 | BF7: TER A: TK/0 TK/1 K/0 | BG7: 5950001 | BH7: s.d. | BI7: 6300000 | BJ7: 0.0075 | BK7: =IF(BF7=BG$2,"OK","") | BL7: =IF(BH$2>=BG7,"OK","") -> OK | BM7: =IF(BH$2<=BI7,"OK","") | BN7: =BK7&BL7&BM7 -> OK | BO7: =IF(BN7="OKOKOK",BJ7,0) -> 0 | BQ7: TER A: TK/0 TK/1 K/0 | BR7: 5950001 | BS7: s.d. | BT7: 6300000 | BU7: 0.0075 | BV7: =IF(BQ7=BR$2,"OK","") | BW7: =IF(BS$2>=BR7,"OK","") -> OK | BX7: =IF(BS$2<=BT7,"OK","") | BY7: =BV7&BW7&BX7 -> OK | BZ7: =IF(BY7="OKOKOK",BU7,0) -> 0 | CB7: TER A: TK/0 TK/1 K/0 | CC7: 5950001 | CD7: s.d. | CE7: 6300000 | CF7: 0.0075 | CG7: =IF(CB7=CC$2,"OK","") -> OK | CH7: =IF(CD$2>=CC7,"OK","") -> OK | CI7: =IF(CD$2<=CE7,"OK","") | CJ7: =CG7&CH7&CI7 -> OKOK | CK7: =IF(CJ7="OKOKOK",CF7,0) -> 0 | CM7: TER A: TK/0 TK/1 K/0 | CN7: 5950001 | CO7: s.d. | CP7: 6300000 | CQ7: 0.0075 | CR7: =IF(CM7=CN$2,"OK","") | CS7: =IF(CO$2>=CN7,"OK","") -> OK | CT7: =IF(CO$2<=CP7,"OK","") | CU7: =CR7&CS7&CT7 -> OK | CV7: =IF(CU7="OKOKOK",CQ7,0) -> 0 | CX7: TER A: TK/0 TK/1 K/0 | CY7: 5950001 | CZ7: s.d. | DA7: 6300000 | DB7: 0.0075 | DC7: =IF(CX7=CY$2,"OK","") | DD7: =IF(CZ$2>=CY7,"OK","") -> OK | DE7: =IF(CZ$2<=DA7,"OK","") | DF7: =DC7&DD7&DE7 -> OK | DG7: =IF(DF7="OKOKOK",DB7,0) -> 0 | DI7: TER A: TK/0 TK/1 K/0 | DJ7: 5950001 | DK7: s.d. | DL7: 6300000 | DM7: 0.0075 | DN7: =IF(DI7=DJ$2,"OK","") -> OK | DO7: =IF(DK$2>=DJ7,"OK","") -> OK | DP7: =IF(DK$2<=DL7,"OK","") | DQ7: =DN7&DO7&DP7 -> OKOK | DR7: =IF(DQ7="OKOKOK",DM7,0) -> 0
C8: PEGAWAI KE 5 | D8: TER B: TK/2 TK/3 K/1 K/2 | E8: =E7+5000000 -> 30000000 | F8: =SUMIFS($2:$2,$1:$1,C8) -> 0.12 | G8: =E8*F8 -> 3600000 | N8: TER A: TK/0 TK/1 K/0 | O8: 6300001 | P8: s.d. | Q8: 6750000 | R8: 0.01 | S8: =IF(N8=O$2,"OK","") -> OK | T8: =IF(P$2>=O8,"OK","") -> OK | U8: =IF(P$2<=Q8,"OK","") | V8: =S8&T8&U8 -> OKOK | W8: =IF(V8="OKOKOK",R8,0) -> 0 | Y8: TER A: TK/0 TK/1 K/0 | Z8: 6300001 | AA8: s.d. | AB8: 6750000 | AC8: 0.01 | AD8: =IF(Y8=Z$2,"OK","") | AE8: =IF(AA$2>=Z8,"OK","") -> OK | AF8: =IF(AA$2<=AB8,"OK","") | AG8: =AD8&AE8&AF8 -> OK | AH8: =IF(AG8="OKOKOK",AC8,0) -> 0 | AJ8: TER A: TK/0 TK/1 K/0 | AK8: 6300001 | AL8: s.d. | AM8: 6750000 | AN8: 0.01 | AO8: =IF(AJ8=AK$2,"OK","") | AP8: =IF(AL$2>=AK8,"OK","") -> OK | AQ8: =IF(AL$2<=AM8,"OK","") | AR8: =AO8&AP8&AQ8 -> OK | AS8: =IF(AR8="OKOKOK",AN8,0) -> 0 | AU8: TER A: TK/0 TK/1 K/0 | AV8: 6300001 | AW8: s.d. | AX8: 6750000 | AY8: 0.01 | AZ8: =IF(AU8=AV$2,"OK","") -> OK | BA8: =IF(AW$2>=AV8,"OK","") -> OK | BB8: =IF(AW$2<=AX8,"OK","") | BC8: =AZ8&BA8&BB8 -> OKOK | BD8: =IF(BC8="OKOKOK",AY8,0) -> 0 | BF8: TER A: TK/0 TK/1 K/0 | BG8: 6300001 | BH8: s.d. | BI8: 6750000 | BJ8: 0.01 | BK8: =IF(BF8=BG$2,"OK","") | BL8: =IF(BH$2>=BG8,"OK","") -> OK | BM8: =IF(BH$2<=BI8,"OK","") | BN8: =BK8&BL8&BM8 -> OK | BO8: =IF(BN8="OKOKOK",BJ8,0) -> 0 | BQ8: TER A: TK/0 TK/1 K/0 | BR8: 6300001 | BS8: s.d. | BT8: 6750000 | BU8: 0.01 | BV8: =IF(BQ8=BR$2,"OK","") | BW8: =IF(BS$2>=BR8,"OK","") -> OK | BX8: =IF(BS$2<=BT8,"OK","") | BY8: =BV8&BW8&BX8 -> OK | BZ8: =IF(BY8="OKOKOK",BU8,0) -> 0 | CB8: TER A: TK/0 TK/1 K/0 | CC8: 6300001 | CD8: s.d. | CE8: 6750000 | CF8: 0.01 | CG8: =IF(CB8=CC$2,"OK","") -> OK | CH8: =IF(CD$2>=CC8,"OK","") -> OK | CI8: =IF(CD$2<=CE8,"OK","") | CJ8: =CG8&CH8&CI8 -> OKOK | CK8: =IF(CJ8="OKOKOK",CF8,0) -> 0 | CM8: TER A: TK/0 TK/1 K/0 | CN8: 6300001 | CO8: s.d. | CP8: 6750000 | CQ8: 0.01 | CR8: =IF(CM8=CN$2,"OK","") | CS8: =IF(CO$2>=CN8,"OK","") -> OK | CT8: =IF(CO$2<=CP8,"OK","") | CU8: =CR8&CS8&CT8 -> OK | CV8: =IF(CU8="OKOKOK",CQ8,0) -> 0 | CX8: TER A: TK/0 TK/1 K/0 | CY8: 6300001 | CZ8: s.d. | DA8: 6750000 | DB8: 0.01 | DC8: =IF(CX8=CY$2,"OK","") | DD8: =IF(CZ$2>=CY8,"OK","") -> OK | DE8: =IF(CZ$2<=DA8,"OK","") | DF8: =DC8&DD8&DE8 -> OK | DG8: =IF(DF8="OKOKOK",DB8,0) -> 0 | DI8: TER A: TK/0 TK/1 K/0 | DJ8: 6300001 | DK8: s.d. | DL8: 6750000 | DM8: 0.01 | DN8: =IF(DI8=DJ$2,"OK","") -> OK | DO8: =IF(DK$2>=DJ8,"OK","") -> OK | DP8: =IF(DK$2<=DL8,"OK","") | DQ8: =DN8&DO8&DP8 -> OKOK | DR8: =IF(DQ8="OKOKOK",DM8,0) -> 0
C9: PEGAWAI KE 6 | D9: TER C: K/3 | E9: =E8+5000000 -> 35000000 | F9: =SUMIFS($2:$2,$1:$1,C9) -> 0.14 | G9: =E9*F9 -> 4900000 | N9: TER A: TK/0 TK/1 K/0 | O9: 6750001 | P9: s.d. | Q9: 7500000 | R9: 0.0125 | S9: =IF(N9=O$2,"OK","") -> OK | T9: =IF(P$2>=O9,"OK","") -> OK | U9: =IF(P$2<=Q9,"OK","") | V9: =S9&T9&U9 -> OKOK | W9: =IF(V9="OKOKOK",R9,0) -> 0 | Y9: TER A: TK/0 TK/1 K/0 | Z9: 6750001 | AA9: s.d. | AB9: 7500000 | AC9: 0.0125 | AD9: =IF(Y9=Z$2,"OK","") | AE9: =IF(AA$2>=Z9,"OK","") -> OK | AF9: =IF(AA$2<=AB9,"OK","") | AG9: =AD9&AE9&AF9 -> OK | AH9: =IF(AG9="OKOKOK",AC9,0) -> 0 | AJ9: TER A: TK/0 TK/1 K/0 | AK9: 6750001 | AL9: s.d. | AM9: 7500000 | AN9: 0.0125 | AO9: =IF(AJ9=AK$2,"OK","") | AP9: =IF(AL$2>=AK9,"OK","") -> OK | AQ9: =IF(AL$2<=AM9,"OK","") | AR9: =AO9&AP9&AQ9 -> OK | AS9: =IF(AR9="OKOKOK",AN9,0) -> 0 | AU9: TER A: TK/0 TK/1 K/0 | AV9: 6750001 | AW9: s.d. | AX9: 7500000 | AY9: 0.0125 | AZ9: =IF(AU9=AV$2,"OK","") -> OK | BA9: =IF(AW$2>=AV9,"OK","") -> OK | BB9: =IF(AW$2<=AX9,"OK","") | BC9: =AZ9&BA9&BB9 -> OKOK | BD9: =IF(BC9="OKOKOK",AY9,0) -> 0 | BF9: TER A: TK/0 TK/1 K/0 | BG9: 6750001 | BH9: s.d. | BI9: 7500000 | BJ9: 0.0125 | BK9: =IF(BF9=BG$2,"OK","") | BL9: =IF(BH$2>=BG9,"OK","") -> OK | BM9: =IF(BH$2<=BI9,"OK","") | BN9: =BK9&BL9&BM9 -> OK | BO9: =IF(BN9="OKOKOK",BJ9,0) -> 0 | BQ9: TER A: TK/0 TK/1 K/0 | BR9: 6750001 | BS9: s.d. | BT9: 7500000 | BU9: 0.0125 | BV9: =IF(BQ9=BR$2,"OK","") | BW9: =IF(BS$2>=BR9,"OK","") -> OK | BX9: =IF(BS$2<=BT9,"OK","") | BY9: =BV9&BW9&BX9 -> OK | BZ9: =IF(BY9="OKOKOK",BU9,0) -> 0 | CB9: TER A: TK/0 TK/1 K/0 | CC9: 6750001 | CD9: s.d. | CE9: 7500000 | CF9: 0.0125 | CG9: =IF(CB9=CC$2,"OK","") -> OK | CH9: =IF(CD$2>=CC9,"OK","") -> OK | CI9: =IF(CD$2<=CE9,"OK","") | CJ9: =CG9&CH9&CI9 -> OKOK | CK9: =IF(CJ9="OKOKOK",CF9,0) -> 0 | CM9: TER A: TK/0 TK/1 K/0 | CN9: 6750001 | CO9: s.d. | CP9: 7500000 | CQ9: 0.0125 | CR9: =IF(CM9=CN$2,"OK","") | CS9: =IF(CO$2>=CN9,"OK","") -> OK | CT9: =IF(CO$2<=CP9,"OK","") | CU9: =CR9&CS9&CT9 -> OK | CV9: =IF(CU9="OKOKOK",CQ9,0) -> 0 | CX9: TER A: TK/0 TK/1 K/0 | CY9: 6750001 | CZ9: s.d. | DA9: 7500000 | DB9: 0.0125 | DC9: =IF(CX9=CY$2,"OK","") | DD9: =IF(CZ$2>=CY9,"OK","") -> OK | DE9: =IF(CZ$2<=DA9,"OK","") | DF9: =DC9&DD9&DE9 -> OK | DG9: =IF(DF9="OKOKOK",DB9,0) -> 0 | DI9: TER A: TK/0 TK/1 K/0 | DJ9: 6750001 | DK9: s.d. | DL9: 7500000 | DM9: 0.0125 | DN9: =IF(DI9=DJ$2,"OK","") -> OK | DO9: =IF(DK$2>=DJ9,"OK","") -> OK | DP9: =IF(DK$2<=DL9,"OK","") | DQ9: =DN9&DO9&DP9 -> OKOK | DR9: =IF(DQ9="OKOKOK",DM9,0) -> 0
C10: PEGAWAI KE 7 | D10: TER A: TK/0 TK/1 K/0 | E10: =E9+5000000 -> 40000000 | F10: =SUMIFS($2:$2,$1:$1,C10) -> 0.16 | G10: =E10*F10 -> 6400000 | N10: TER A: TK/0 TK/1 K/0 | O10: 7500001 | P10: s.d. | Q10: 8550000 | R10: 0.015 | S10: =IF(N10=O$2,"OK","") -> OK | T10: =IF(P$2>=O10,"OK","") -> OK | U10: =IF(P$2<=Q10,"OK","") | V10: =S10&T10&U10 -> OKOK | W10: =IF(V10="OKOKOK",R10,0) -> 0 | Y10: TER A: TK/0 TK/1 K/0 | Z10: 7500001 | AA10: s.d. | AB10: 8550000 | AC10: 0.015 | AD10: =IF(Y10=Z$2,"OK","") | AE10: =IF(AA$2>=Z10,"OK","") -> OK | AF10: =IF(AA$2<=AB10,"OK","") | AG10: =AD10&AE10&AF10 -> OK | AH10: =IF(AG10="OKOKOK",AC10,0) -> 0 | AJ10: TER A: TK/0 TK/1 K/0 | AK10: 7500001 | AL10: s.d. | AM10: 8550000 | AN10: 0.015 | AO10: =IF(AJ10=AK$2,"OK","") | AP10: =IF(AL$2>=AK10,"OK","") -> OK | AQ10: =IF(AL$2<=AM10,"OK","") | AR10: =AO10&AP10&AQ10 -> OK | AS10: =IF(AR10="OKOKOK",AN10,0) -> 0 | AU10: TER A: TK/0 TK/1 K/0 | AV10: 7500001 | AW10: s.d. | AX10: 8550000 | AY10: 0.015 | AZ10: =IF(AU10=AV$2,"OK","") -> OK | BA10: =IF(AW$2>=AV10,"OK","") -> OK | BB10: =IF(AW$2<=AX10,"OK","") | BC10: =AZ10&BA10&BB10 -> OKOK | BD10: =IF(BC10="OKOKOK",AY10,0) -> 0 | BF10: TER A: TK/0 TK/1 K/0 | BG10: 7500001 | BH10: s.d. | BI10: 8550000 | BJ10: 0.015 | BK10: =IF(BF10=BG$2,"OK","") | BL10: =IF(BH$2>=BG10,"OK","") -> OK | BM10: =IF(BH$2<=BI10,"OK","") | BN10: =BK10&BL10&BM10 -> OK | BO10: =IF(BN10="OKOKOK",BJ10,0) -> 0 | BQ10: TER A: TK/0 TK/1 K/0 | BR10: 7500001 | BS10: s.d. | BT10: 8550000 | BU10: 0.015 | BV10: =IF(BQ10=BR$2,"OK","") | BW10: =IF(BS$2>=BR10,"OK","") -> OK | BX10: =IF(BS$2<=BT10,"OK","") | BY10: =BV10&BW10&BX10 -> OK | BZ10: =IF(BY10="OKOKOK",BU10,0) -> 0 | CB10: TER A: TK/0 TK/1 K/0 | CC10: 7500001 | CD10: s.d. | CE10: 8550000 | CF10: 0.015 | CG10: =IF(CB10=CC$2,"OK","") -> OK | CH10: =IF(CD$2>=CC10,"OK","") -> OK | CI10: =IF(CD$2<=CE10,"OK","") | CJ10: =CG10&CH10&CI10 -> OKOK | CK10: =IF(CJ10="OKOKOK",CF10,0) -> 0 | CM10: TER A: TK/0 TK/1 K/0 | CN10: 7500001 | CO10: s.d. | CP10: 8550000 | CQ10: 0.015 | CR10: =IF(CM10=CN$2,"OK","") | CS10: =IF(CO$2>=CN10,"OK","") -> OK | CT10: =IF(CO$2<=CP10,"OK","") | CU10: =CR10&CS10&CT10 -> OK | CV10: =IF(CU10="OKOKOK",CQ10,0) -> 0 | CX10: TER A: TK/0 TK/1 K/0 | CY10: 7500001 | CZ10: s.d. | DA10: 8550000 | DB10: 0.015 | DC10: =IF(CX10=CY$2,"OK","") | DD10: =IF(CZ$2>=CY10,"OK","") -> OK | DE10: =IF(CZ$2<=DA10,"OK","") | DF10: =DC10&DD10&DE10 -> OK | DG10: =IF(DF10="OKOKOK",DB10,0) -> 0 | DI10: TER A: TK/0 TK/1 K/0 | DJ10: 7500001 | DK10: s.d. | DL10: 8550000 | DM10: 0.015 | DN10: =IF(DI10=DJ$2,"OK","") -> OK | DO10: =IF(DK$2>=DJ10,"OK","") -> OK | DP10: =IF(DK$2<=DL10,"OK","") | DQ10: =DN10&DO10&DP10 -> OKOK | DR10: =IF(DQ10="OKOKOK",DM10,0) -> 0
C11: PEGAWAI KE 8 | D11: TER B: TK/2 TK/3 K/1 K/2 | E11: =E10+5000000 -> 45000000 | F11: =SUMIFS($2:$2,$1:$1,C11) -> 0.16 | G11: =E11*F11 -> 7200000 | N11: TER A: TK/0 TK/1 K/0 | O11: 8550001 | P11: s.d. | Q11: 9650000 | R11: 0.0175 | S11: =IF(N11=O$2,"OK","") -> OK | T11: =IF(P$2>=O11,"OK","") -> OK | U11: =IF(P$2<=Q11,"OK","") | V11: =S11&T11&U11 -> OKOK | W11: =IF(V11="OKOKOK",R11,0) -> 0 | Y11: TER A: TK/0 TK/1 K/0 | Z11: 8550001 | AA11: s.d. | AB11: 9650000 | AC11: 0.0175 | AD11: =IF(Y11=Z$2,"OK","") | AE11: =IF(AA$2>=Z11,"OK","") -> OK | AF11: =IF(AA$2<=AB11,"OK","") | AG11: =AD11&AE11&AF11 -> OK | AH11: =IF(AG11="OKOKOK",AC11,0) -> 0 | AJ11: TER A: TK/0 TK/1 K/0 | AK11: 8550001 | AL11: s.d. | AM11: 9650000 | AN11: 0.0175 | AO11: =IF(AJ11=AK$2,"OK","") | AP11: =IF(AL$2>=AK11,"OK","") -> OK | AQ11: =IF(AL$2<=AM11,"OK","") | AR11: =AO11&AP11&AQ11 -> OK | AS11: =IF(AR11="OKOKOK",AN11,0) -> 0 | AU11: TER A: TK/0 TK/1 K/0 | AV11: 8550001 | AW11: s.d. | AX11: 9650000 | AY11: 0.0175 | AZ11: =IF(AU11=AV$2,"OK","") -> OK | BA11: =IF(AW$2>=AV11,"OK","") -> OK | BB11: =IF(AW$2<=AX11,"OK","") | BC11: =AZ11&BA11&BB11 -> OKOK | BD11: =IF(BC11="OKOKOK",AY11,0) -> 0 | BF11: TER A: TK/0 TK/1 K/0 | BG11: 8550001 | BH11: s.d. | BI11: 9650000 | BJ11: 0.0175 | BK11: =IF(BF11=BG$2,"OK","") | BL11: =IF(BH$2>=BG11,"OK","") -> OK | BM11: =IF(BH$2<=BI11,"OK","") | BN11: =BK11&BL11&BM11 -> OK | BO11: =IF(BN11="OKOKOK",BJ11,0) -> 0 | BQ11: TER A: TK/0 TK/1 K/0 | BR11: 8550001 | BS11: s.d. | BT11: 9650000 | BU11: 0.0175 | BV11: =IF(BQ11=BR$2,"OK","") | BW11: =IF(BS$2>=BR11,"OK","") -> OK | BX11: =IF(BS$2<=BT11,"OK","") | BY11: =BV11&BW11&BX11 -> OK | BZ11: =IF(BY11="OKOKOK",BU11,0) -> 0 | CB11: TER A: TK/0 TK/1 K/0 | CC11: 8550001 | CD11: s.d. | CE11: 9650000 | CF11: 0.0175 | CG11: =IF(CB11=CC$2,"OK","") -> OK | CH11: =IF(CD$2>=CC11,"OK","") -> OK | CI11: =IF(CD$2<=CE11,"OK","") | CJ11: =CG11&CH11&CI11 -> OKOK | CK11: =IF(CJ11="OKOKOK",CF11,0) -> 0 | CM11: TER A: TK/0 TK/1 K/0 | CN11: 8550001 | CO11: s.d. | CP11: 9650000 | CQ11: 0.0175 | CR11: =IF(CM11=CN$2,"OK","") | CS11: =IF(CO$2>=CN11,"OK","") -> OK | CT11: =IF(CO$2<=CP11,"OK","") | CU11: =CR11&CS11&CT11 -> OK | CV11: =IF(CU11="OKOKOK",CQ11,0) -> 0 | CX11: TER A: TK/0 TK/1 K/0 | CY11: 8550001 | CZ11: s.d. | DA11: 9650000 | DB11: 0.0175 | DC11: =IF(CX11=CY$2,"OK","") | DD11: =IF(CZ$2>=CY11,"OK","") -> OK | DE11: =IF(CZ$2<=DA11,"OK","") | DF11: =DC11&DD11&DE11 -> OK | DG11: =IF(DF11="OKOKOK",DB11,0) -> 0 | DI11: TER A: TK/0 TK/1 K/0 | DJ11: 8550001 | DK11: s.d. | DL11: 9650000 | DM11: 0.0175 | DN11: =IF(DI11=DJ$2,"OK","") -> OK | DO11: =IF(DK$2>=DJ11,"OK","") -> OK | DP11: =IF(DK$2<=DL11,"OK","") | DQ11: =DN11&DO11&DP11 -> OKOK | DR11: =IF(DQ11="OKOKOK",DM11,0) -> 0
C12: PEGAWAI KE 9 | D12: TER C: K/3 | E12: =E11+5000000 -> 50000000 | F12: =SUMIFS($2:$2,$1:$1,C12) -> 0.18 | G12: =E12*F12 -> 9000000 | N12: TER A: TK/0 TK/1 K/0 | O12: 9650001 | P12: s.d. | Q12: 10050000 | R12: 0.02 | S12: =IF(N12=O$2,"OK","") -> OK | T12: =IF(P$2>=O12,"OK","") -> OK | U12: =IF(P$2<=Q12,"OK","") -> OK | V12: =S12&T12&U12 -> OKOKOK | W12: =IF(V12="OKOKOK",R12,0) -> 0.02 | Y12: TER A: TK/0 TK/1 K/0 | Z12: 9650001 | AA12: s.d. | AB12: 10050000 | AC12: 0.02 | AD12: =IF(Y12=Z$2,"OK","") | AE12: =IF(AA$2>=Z12,"OK","") -> OK | AF12: =IF(AA$2<=AB12,"OK","") | AG12: =AD12&AE12&AF12 -> OK | AH12: =IF(AG12="OKOKOK",AC12,0) -> 0 | AJ12: TER A: TK/0 TK/1 K/0 | AK12: 9650001 | AL12: s.d. | AM12: 10050000 | AN12: 0.02 | AO12: =IF(AJ12=AK$2,"OK","") | AP12: =IF(AL$2>=AK12,"OK","") -> OK | AQ12: =IF(AL$2<=AM12,"OK","") | AR12: =AO12&AP12&AQ12 -> OK | AS12: =IF(AR12="OKOKOK",AN12,0) -> 0 | AU12: TER A: TK/0 TK/1 K/0 | AV12: 9650001 | AW12: s.d. | AX12: 10050000 | AY12: 0.02 | AZ12: =IF(AU12=AV$2,"OK","") -> OK | BA12: =IF(AW$2>=AV12,"OK","") -> OK | BB12: =IF(AW$2<=AX12,"OK","") | BC12: =AZ12&BA12&BB12 -> OKOK | BD12: =IF(BC12="OKOKOK",AY12,0) -> 0 | BF12: TER A: TK/0 TK/1 K/0 | BG12: 9650001 | BH12: s.d. | BI12: 10050000 | BJ12: 0.02 | BK12: =IF(BF12=BG$2,"OK","") | BL12: =IF(BH$2>=BG12,"OK","") -> OK | BM12: =IF(BH$2<=BI12,"OK","") | BN12: =BK12&BL12&BM12 -> OK | BO12: =IF(BN12="OKOKOK",BJ12,0) -> 0 | BQ12: TER A: TK/0 TK/1 K/0 | BR12: 9650001 | BS12: s.d. | BT12: 10050000 | BU12: 0.02 | BV12: =IF(BQ12=BR$2,"OK","") | BW12: =IF(BS$2>=BR12,"OK","") -> OK | BX12: =IF(BS$2<=BT12,"OK","") | BY12: =BV12&BW12&BX12 -> OK | BZ12: =IF(BY12="OKOKOK",BU12,0) -> 0 | CB12: TER A: TK/0 TK/1 K/0 | CC12: 9650001 | CD12: s.d. | CE12: 10050000 | CF12: 0.02 | CG12: =IF(CB12=CC$2,"OK","") -> OK | CH12: =IF(CD$2>=CC12,"OK","") -> OK | CI12: =IF(CD$2<=CE12,"OK","") | CJ12: =CG12&CH12&CI12 -> OKOK | CK12: =IF(CJ12="OKOKOK",CF12,0) -> 0 | CM12: TER A: TK/0 TK/1 K/0 | CN12: 9650001 | CO12: s.d. | CP12: 10050000 | CQ12: 0.02 | CR12: =IF(CM12=CN$2,"OK","") | CS12: =IF(CO$2>=CN12,"OK","") -> OK | CT12: =IF(CO$2<=CP12,"OK","") | CU12: =CR12&CS12&CT12 -> OK | CV12: =IF(CU12="OKOKOK",CQ12,0) -> 0 | CX12: TER A: TK/0 TK/1 K/0 | CY12: 9650001 | CZ12: s.d. | DA12: 10050000 | DB12: 0.02 | DC12: =IF(CX12=CY$2,"OK","") | DD12: =IF(CZ$2>=CY12,"OK","") -> OK | DE12: =IF(CZ$2<=DA12,"OK","") | DF12: =DC12&DD12&DE12 -> OK | DG12: =IF(DF12="OKOKOK",DB12,0) -> 0 | DI12: TER A: TK/0 TK/1 K/0 | DJ12: 9650001 | DK12: s.d. | DL12: 10050000 | DM12: 0.02 | DN12: =IF(DI12=DJ$2,"OK","") -> OK | DO12: =IF(DK$2>=DJ12,"OK","") -> OK | DP12: =IF(DK$2<=DL12,"OK","") | DQ12: =DN12&DO12&DP12 -> OKOK | DR12: =IF(DQ12="OKOKOK",DM12,0) -> 0
C13: PEGAWAI KE 10 | D13: TER A: TK/0 TK/1 K/0 | E13: =E12+5000000 -> 55000000 | F13: =SUMIFS($2:$2,$1:$1,C13) -> 0.19 | G13: =E13*F13 -> 10450000 | N13: TER A: TK/0 TK/1 K/0 | O13: 10050001 | P13: s.d. | Q13: 10350000 | R13: 0.0225 | S13: =IF(N13=O$2,"OK","") -> OK | T13: =IF(P$2>=O13,"OK","") | U13: =IF(P$2<=Q13,"OK","") -> OK | V13: =S13&T13&U13 -> OKOK | W13: =IF(V13="OKOKOK",R13,0) -> 0 | Y13: TER A: TK/0 TK/1 K/0 | Z13: 10050001 | AA13: s.d. | AB13: 10350000 | AC13: 0.0225 | AD13: =IF(Y13=Z$2,"OK","") | AE13: =IF(AA$2>=Z13,"OK","") -> OK | AF13: =IF(AA$2<=AB13,"OK","") | AG13: =AD13&AE13&AF13 -> OK | AH13: =IF(AG13="OKOKOK",AC13,0) -> 0 | AJ13: TER A: TK/0 TK/1 K/0 | AK13: 10050001 | AL13: s.d. | AM13: 10350000 | AN13: 0.0225 | AO13: =IF(AJ13=AK$2,"OK","") | AP13: =IF(AL$2>=AK13,"OK","") -> OK | AQ13: =IF(AL$2<=AM13,"OK","") | AR13: =AO13&AP13&AQ13 -> OK | AS13: =IF(AR13="OKOKOK",AN13,0) -> 0 | AU13: TER A: TK/0 TK/1 K/0 | AV13: 10050001 | AW13: s.d. | AX13: 10350000 | AY13: 0.0225 | AZ13: =IF(AU13=AV$2,"OK","") -> OK | BA13: =IF(AW$2>=AV13,"OK","") -> OK | BB13: =IF(AW$2<=AX13,"OK","") | BC13: =AZ13&BA13&BB13 -> OKOK | BD13: =IF(BC13="OKOKOK",AY13,0) -> 0 | BF13: TER A: TK/0 TK/1 K/0 | BG13: 10050001 | BH13: s.d. | BI13: 10350000 | BJ13: 0.0225 | BK13: =IF(BF13=BG$2,"OK","") | BL13: =IF(BH$2>=BG13,"OK","") -> OK | BM13: =IF(BH$2<=BI13,"OK","") | BN13: =BK13&BL13&BM13 -> OK | BO13: =IF(BN13="OKOKOK",BJ13,0) -> 0 | BQ13: TER A: TK/0 TK/1 K/0 | BR13: 10050001 | BS13: s.d. | BT13: 10350000 | BU13: 0.0225 | BV13: =IF(BQ13=BR$2,"OK","") | BW13: =IF(BS$2>=BR13,"OK","") -> OK | BX13: =IF(BS$2<=BT13,"OK","") | BY13: =BV13&BW13&BX13 -> OK | BZ13: =IF(BY13="OKOKOK",BU13,0) -> 0 | CB13: TER A: TK/0 TK/1 K/0 | CC13: 10050001 | CD13: s.d. | CE13: 10350000 | CF13: 0.0225 | CG13: =IF(CB13=CC$2,"OK","") -> OK | CH13: =IF(CD$2>=CC13,"OK","") -> OK | CI13: =IF(CD$2<=CE13,"OK","") | CJ13: =CG13&CH13&CI13 -> OKOK | CK13: =IF(CJ13="OKOKOK",CF13,0) -> 0 | CM13: TER A: TK/0 TK/1 K/0 | CN13: 10050001 | CO13: s.d. | CP13: 10350000 | CQ13: 0.0225 | CR13: =IF(CM13=CN$2,"OK","") | CS13: =IF(CO$2>=CN13,"OK","") -> OK | CT13: =IF(CO$2<=CP13,"OK","") | CU13: =CR13&CS13&CT13 -> OK | CV13: =IF(CU13="OKOKOK",CQ13,0) -> 0 | CX13: TER A: TK/0 TK/1 K/0 | CY13: 10050001 | CZ13: s.d. | DA13: 10350000 | DB13: 0.0225 | DC13: =IF(CX13=CY$2,"OK","") | DD13: =IF(CZ$2>=CY13,"OK","") -> OK | DE13: =IF(CZ$2<=DA13,"OK","") | DF13: =DC13&DD13&DE13 -> OK | DG13: =IF(DF13="OKOKOK",DB13,0) -> 0 | DI13: TER A: TK/0 TK/1 K/0 | DJ13: 10050001 | DK13: s.d. | DL13: 10350000 | DM13: 0.0225 | DN13: =IF(DI13=DJ$2,"OK","") -> OK | DO13: =IF(DK$2>=DJ13,"OK","") -> OK | DP13: =IF(DK$2<=DL13,"OK","") | DQ13: =DN13&DO13&DP13 -> OKOK | DR13: =IF(DQ13="OKOKOK",DM13,0) -> 0
D14: JUMLAH | G14: =SUM(G4:G13) -> 46750000 | N14: TER A: TK/0 TK/1 K/0 | O14: 10350001 | P14: s.d. | Q14: 10700000 | R14: 0.025 | S14: =IF(N14=O$2,"OK","") -> OK | T14: =IF(P$2>=O14,"OK","") | U14: =IF(P$2<=Q14,"OK","") -> OK | V14: =S14&T14&U14 -> OKOK | W14: =IF(V14="OKOKOK",R14,0) -> 0 | Y14: TER A: TK/0 TK/1 K/0 | Z14: 10350001 | AA14: s.d. | AB14: 10700000 | AC14: 0.025 | AD14: =IF(Y14=Z$2,"OK","") | AE14: =IF(AA$2>=Z14,"OK","") -> OK | AF14: =IF(AA$2<=AB14,"OK","") | AG14: =AD14&AE14&AF14 -> OK | AH14: =IF(AG14="OKOKOK",AC14,0) -> 0 | AJ14: TER A: TK/0 TK/1 K/0 | AK14: 10350001 | AL14: s.d. | AM14: 10700000 | AN14: 0.025 | AO14: =IF(AJ14=AK$2,"OK","") | AP14: =IF(AL$2>=AK14,"OK","") -> OK | AQ14: =IF(AL$2<=AM14,"OK","") | AR14: =AO14&AP14&AQ14 -> OK | AS14: =IF(AR14="OKOKOK",AN14,0) -> 0 | AU14: TER A: TK/0 TK/1 K/0 | AV14: 10350001 | AW14: s.d. | AX14: 10700000 | AY14: 0.025 | AZ14: =IF(AU14=AV$2,"OK","") -> OK | BA14: =IF(AW$2>=AV14,"OK","") -> OK | BB14: =IF(AW$2<=AX14,"OK","") | BC14: =AZ14&BA14&BB14 -> OKOK | BD14: =IF(BC14="OKOKOK",AY14,0) -> 0 | BF14: TER A: TK/0 TK/1 K/0 | BG14: 10350001 | BH14: s.d. | BI14: 10700000 | BJ14: 0.025 | BK14: =IF(BF14=BG$2,"OK","") | BL14: =IF(BH$2>=BG14,"OK","") -> OK | BM14: =IF(BH$2<=BI14,"OK","") | BN14: =BK14&BL14&BM14 -> OK | BO14: =IF(BN14="OKOKOK",BJ14,0) -> 0 | BQ14: TER A: TK/0 TK/1 K/0 | BR14: 10350001 | BS14: s.d. | BT14: 10700000 | BU14: 0.025 | BV14: =IF(BQ14=BR$2,"OK","") | BW14: =IF(BS$2>=BR14,"OK","") -> OK | BX14: =IF(BS$2<=BT14,"OK","") | BY14: =BV14&BW14&BX14 -> OK | BZ14: =IF(BY14="OKOKOK",BU14,0) -> 0 | CB14: TER A: TK/0 TK/1 K/0 | CC14: 10350001 | CD14: s.d. | CE14: 10700000 | CF14: 0.025 | CG14: =IF(CB14=CC$2,"OK","") -> OK | CH14: =IF(CD$2>=CC14,"OK","") -> OK | CI14: =IF(CD$2<=CE14,"OK","") | CJ14: =CG14&CH14&CI14 -> OKOK | CK14: =IF(CJ14="OKOKOK",CF14,0) -> 0 | CM14: TER A: TK/0 TK/1 K/0 | CN14: 10350001 | CO14: s.d. | CP14: 10700000 | CQ14: 0.025 | CR14: =IF(CM14=CN$2,"OK","") | CS14: =IF(CO$2>=CN14,"OK","") -> OK | CT14: =IF(CO$2<=CP14,"OK","") | CU14: =CR14&CS14&CT14 -> OK | CV14: =IF(CU14="OKOKOK",CQ14,0) -> 0 | CX14: TER A: TK/0 TK/1 K/0 | CY14: 10350001 | CZ14: s.d. | DA14: 10700000 | DB14: 0.025 | DC14: =IF(CX14=CY$2,"OK","") | DD14: =IF(CZ$2>=CY14,"OK","") -> OK | DE14: =IF(CZ$2<=DA14,"OK","") | DF14: =DC14&DD14&DE14 -> OK | DG14: =IF(DF14="OKOKOK",DB14,0) -> 0 | DI14: TER A: TK/0 TK/1 K/0 | DJ14: 10350001 | DK14: s.d. | DL14: 10700000 | DM14: 0.025 | DN14: =IF(DI14=DJ$2,"OK","") -> OK | DO14: =IF(DK$2>=DJ14,"OK","") -> OK | DP14: =IF(DK$2<=DL14,"OK","") | DQ14: =DN14&DO14&DP14 -> OKOK | DR14: =IF(DQ14="OKOKOK",DM14,0) -> 0
N15: TER A: TK/0 TK/1 K/0 | O15: 10700001 | P15: s.d. | Q15: 11050000 | R15: 0.03 | S15: =IF(N15=O$2,"OK","") -> OK | T15: =IF(P$2>=O15,"OK","") | U15: =IF(P$2<=Q15,"OK","") -> OK | V15: =S15&T15&U15 -> OKOK | W15: =IF(V15="OKOKOK",R15,0) -> 0 | Y15: TER A: TK/0 TK/1 K/0 | Z15: 10700001 | AA15: s.d. | AB15: 11050000 | AC15: 0.03 | AD15: =IF(Y15=Z$2,"OK","") | AE15: =IF(AA$2>=Z15,"OK","") -> OK | AF15: =IF(AA$2<=AB15,"OK","") | AG15: =AD15&AE15&AF15 -> OK | AH15: =IF(AG15="OKOKOK",AC15,0) -> 0 | AJ15: TER A: TK/0 TK/1 K/0 | AK15: 10700001 | AL15: s.d. | AM15: 11050000 | AN15: 0.03 | AO15: =IF(AJ15=AK$2,"OK","") | AP15: =IF(AL$2>=AK15,"OK","") -> OK | AQ15: =IF(AL$2<=AM15,"OK","") | AR15: =AO15&AP15&AQ15 -> OK | AS15: =IF(AR15="OKOKOK",AN15,0) -> 0 | AU15: TER A: TK/0 TK/1 K/0 | AV15: 10700001 | AW15: s.d. | AX15: 11050000 | AY15: 0.03 | AZ15: =IF(AU15=AV$2,"OK","") -> OK | BA15: =IF(AW$2>=AV15,"OK","") -> OK | BB15: =IF(AW$2<=AX15,"OK","") | BC15: =AZ15&BA15&BB15 -> OKOK | BD15: =IF(BC15="OKOKOK",AY15,0) -> 0 | BF15: TER A: TK/0 TK/1 K/0 | BG15: 10700001 | BH15: s.d. | BI15: 11050000 | BJ15: 0.03 | BK15: =IF(BF15=BG$2,"OK","") | BL15: =IF(BH$2>=BG15,"OK","") -> OK | BM15: =IF(BH$2<=BI15,"OK","") | BN15: =BK15&BL15&BM15 -> OK | BO15: =IF(BN15="OKOKOK",BJ15,0) -> 0 | BQ15: TER A: TK/0 TK/1 K/0 | BR15: 10700001 | BS15: s.d. | BT15: 11050000 | BU15: 0.03 | BV15: =IF(BQ15=BR$2,"OK","") | BW15: =IF(BS$2>=BR15,"OK","") -> OK | BX15: =IF(BS$2<=BT15,"OK","") | BY15: =BV15&BW15&BX15 -> OK | BZ15: =IF(BY15="OKOKOK",BU15,0) -> 0 | CB15: TER A: TK/0 TK/1 K/0 | CC15: 10700001 | CD15: s.d. | CE15: 11050000 | CF15: 0.03 | CG15: =IF(CB15=CC$2,"OK","") -> OK | CH15: =IF(CD$2>=CC15,"OK","") -> OK | CI15: =IF(CD$2<=CE15,"OK","") | CJ15: =CG15&CH15&CI15 -> OKOK | CK15: =IF(CJ15="OKOKOK",CF15,0) -> 0 | CM15: TER A: TK/0 TK/1 K/0 | CN15: 10700001 | CO15: s.d. | CP15: 11050000 | CQ15: 0.03 | CR15: =IF(CM15=CN$2,"OK","") | CS15: =IF(CO$2>=CN15,"OK","") -> OK | CT15: =IF(CO$2<=CP15,"OK","") | CU15: =CR15&CS15&CT15 -> OK | CV15: =IF(CU15="OKOKOK",CQ15,0) -> 0 | CX15: TER A: TK/0 TK/1 K/0 | CY15: 10700001 | CZ15: s.d. | DA15: 11050000 | DB15: 0.03 | DC15: =IF(CX15=CY$2,"OK","") | DD15: =IF(CZ$2>=CY15,"OK","") -> OK | DE15: =IF(CZ$2<=DA15,"OK","") | DF15: =DC15&DD15&DE15 -> OK | DG15: =IF(DF15="OKOKOK",DB15,0) -> 0 | DI15: TER A: TK/0 TK/1 K/0 | DJ15: 10700001 | DK15: s.d. | DL15: 11050000 | DM15: 0.03 | DN15: =IF(DI15=DJ$2,"OK","") -> OK | DO15: =IF(DK$2>=DJ15,"OK","") -> OK | DP15: =IF(DK$2<=DL15,"OK","") | DQ15: =DN15&DO15&DP15 -> OKOK | DR15: =IF(DQ15="OKOKOK",DM15,0) -> 0
C16: TIDAK SEMUA PENGHASILAN PPH 21 DIKENAKAN TARIF **TER** | N16: TER A: TK/0 TK/1 K/0 | O16: 11050001 | P16: s.d. | Q16: 11600000 | R16: 0.035 | S16: =IF(N16=O$2,"OK","") -> OK | T16: =IF(P$2>=O16,"OK","") | U16: =IF(P$2<=Q16,"OK","") -> OK | V16: =S16&T16&U16 -> OKOK | W16: =IF(V16="OKOKOK",R16,0) -> 0 | Y16: TER A: TK/0 TK/1 K/0 | Z16: 11050001 | AA16: s.d. | AB16: 11600000 | AC16: 0.035 | AD16: =IF(Y16=Z$2,"OK","") | AE16: =IF(AA$2>=Z16,"OK","") -> OK | AF16: =IF(AA$2<=AB16,"OK","") | AG16: =AD16&AE16&AF16 -> OK | AH16: =IF(AG16="OKOKOK",AC16,0) -> 0 | AJ16: TER A: TK/0 TK/1 K/0 | AK16: 11050001 | AL16: s.d. | AM16: 11600000 | AN16: 0.035 | AO16: =IF(AJ16=AK$2,"OK","") | AP16: =IF(AL$2>=AK16,"OK","") -> OK | AQ16: =IF(AL$2<=AM16,"OK","") | AR16: =AO16&AP16&AQ16 -> OK | AS16: =IF(AR16="OKOKOK",AN16,0) -> 0 | AU16: TER A: TK/0 TK/1 K/0 | AV16: 11050001 | AW16: s.d. | AX16: 11600000 | AY16: 0.035 | AZ16: =IF(AU16=AV$2,"OK","") -> OK | BA16: =IF(AW$2>=AV16,"OK","") -> OK | BB16: =IF(AW$2<=AX16,"OK","") | BC16: =AZ16&BA16&BB16 -> OKOK | BD16: =IF(BC16="OKOKOK",AY16,0) -> 0 | BF16: TER A: TK/0 TK/1 K/0 | BG16: 11050001 | BH16: s.d. | BI16: 11600000 | BJ16: 0.035 | BK16: =IF(BF16=BG$2,"OK","") | BL16: =IF(BH$2>=BG16,"OK","") -> OK | BM16: =IF(BH$2<=BI16,"OK","") | BN16: =BK16&BL16&BM16 -> OK | BO16: =IF(BN16="OKOKOK",BJ16,0) -> 0 | BQ16: TER A: TK/0 TK/1 K/0 | BR16: 11050001 | BS16: s.d. | BT16: 11600000 | BU16: 0.035 | BV16: =IF(BQ16=BR$2,"OK","") | BW16: =IF(BS$2>=BR16,"OK","") -> OK | BX16: =IF(BS$2<=BT16,"OK","") | BY16: =BV16&BW16&BX16 -> OK | BZ16: =IF(BY16="OKOKOK",BU16,0) -> 0 | CB16: TER A: TK/0 TK/1 K/0 | CC16: 11050001 | CD16: s.d. | CE16: 11600000 | CF16: 0.035 | CG16: =IF(CB16=CC$2,"OK","") -> OK | CH16: =IF(CD$2>=CC16,"OK","") -> OK | CI16: =IF(CD$2<=CE16,"OK","") | CJ16: =CG16&CH16&CI16 -> OKOK | CK16: =IF(CJ16="OKOKOK",CF16,0) -> 0 | CM16: TER A: TK/0 TK/1 K/0 | CN16: 11050001 | CO16: s.d. | CP16: 11600000 | CQ16: 0.035 | CR16: =IF(CM16=CN$2,"OK","") | CS16: =IF(CO$2>=CN16,"OK","") -> OK | CT16: =IF(CO$2<=CP16,"OK","") | CU16: =CR16&CS16&CT16 -> OK | CV16: =IF(CU16="OKOKOK",CQ16,0) -> 0 | CX16: TER A: TK/0 TK/1 K/0 | CY16: 11050001 | CZ16: s.d. | DA16: 11600000 | DB16: 0.035 | DC16: =IF(CX16=CY$2,"OK","") | DD16: =IF(CZ$2>=CY16,"OK","") -> OK | DE16: =IF(CZ$2<=DA16,"OK","") | DF16: =DC16&DD16&DE16 -> OK | DG16: =IF(DF16="OKOKOK",DB16,0) -> 0 | DI16: TER A: TK/0 TK/1 K/0 | DJ16: 11050001 | DK16: s.d. | DL16: 11600000 | DM16: 0.035 | DN16: =IF(DI16=DJ$2,"OK","") -> OK | DO16: =IF(DK$2>=DJ16,"OK","") -> OK | DP16: =IF(DK$2<=DL16,"OK","") | DQ16: =DN16&DO16&DP16 -> OKOK | DR16: =IF(DQ16="OKOKOK",DM16,0) -> 0
C17: YANG MASUK KE **TER** PPh 21 YAKNI | N17: TER A: TK/0 TK/1 K/0 | O17: 11600001 | P17: s.d. | Q17: 12500000 | R17: 0.04 | S17: =IF(N17=O$2,"OK","") -> OK | T17: =IF(P$2>=O17,"OK","") | U17: =IF(P$2<=Q17,"OK","") -> OK | V17: =S17&T17&U17 -> OKOK | W17: =IF(V17="OKOKOK",R17,0) -> 0 | Y17: TER A: TK/0 TK/1 K/0 | Z17: 11600001 | AA17: s.d. | AB17: 12500000 | AC17: 0.04 | AD17: =IF(Y17=Z$2,"OK","") | AE17: =IF(AA$2>=Z17,"OK","") -> OK | AF17: =IF(AA$2<=AB17,"OK","") | AG17: =AD17&AE17&AF17 -> OK | AH17: =IF(AG17="OKOKOK",AC17,0) -> 0 | AJ17: TER A: TK/0 TK/1 K/0 | AK17: 11600001 | AL17: s.d. | AM17: 12500000 | AN17: 0.04 | AO17: =IF(AJ17=AK$2,"OK","") | AP17: =IF(AL$2>=AK17,"OK","") -> OK | AQ17: =IF(AL$2<=AM17,"OK","") | AR17: =AO17&AP17&AQ17 -> OK | AS17: =IF(AR17="OKOKOK",AN17,0) -> 0 | AU17: TER A: TK/0 TK/1 K/0 | AV17: 11600001 | AW17: s.d. | AX17: 12500000 | AY17: 0.04 | AZ17: =IF(AU17=AV$2,"OK","") -> OK | BA17: =IF(AW$2>=AV17,"OK","") -> OK | BB17: =IF(AW$2<=AX17,"OK","") | BC17: =AZ17&BA17&BB17 -> OKOK | BD17: =IF(BC17="OKOKOK",AY17,0) -> 0 | BF17: TER A: TK/0 TK/1 K/0 | BG17: 11600001 | BH17: s.d. | BI17: 12500000 | BJ17: 0.04 | BK17: =IF(BF17=BG$2,"OK","") | BL17: =IF(BH$2>=BG17,"OK","") -> OK | BM17: =IF(BH$2<=BI17,"OK","") | BN17: =BK17&BL17&BM17 -> OK | BO17: =IF(BN17="OKOKOK",BJ17,0) -> 0 | BQ17: TER A: TK/0 TK/1 K/0 | BR17: 11600001 | BS17: s.d. | BT17: 12500000 | BU17: 0.04 | BV17: =IF(BQ17=BR$2,"OK","") | BW17: =IF(BS$2>=BR17,"OK","") -> OK | BX17: =IF(BS$2<=BT17,"OK","") | BY17: =BV17&BW17&BX17 -> OK | BZ17: =IF(BY17="OKOKOK",BU17,0) -> 0 | CB17: TER A: TK/0 TK/1 K/0 | CC17: 11600001 | CD17: s.d. | CE17: 12500000 | CF17: 0.04 | CG17: =IF(CB17=CC$2,"OK","") -> OK | CH17: =IF(CD$2>=CC17,"OK","") -> OK | CI17: =IF(CD$2<=CE17,"OK","") | CJ17: =CG17&CH17&CI17 -> OKOK | CK17: =IF(CJ17="OKOKOK",CF17,0) -> 0 | CM17: TER A: TK/0 TK/1 K/0 | CN17: 11600001 | CO17: s.d. | CP17: 12500000 | CQ17: 0.04 | CR17: =IF(CM17=CN$2,"OK","") | CS17: =IF(CO$2>=CN17,"OK","") -> OK | CT17: =IF(CO$2<=CP17,"OK","") | CU17: =CR17&CS17&CT17 -> OK | CV17: =IF(CU17="OKOKOK",CQ17,0) -> 0 | CX17: TER A: TK/0 TK/1 K/0 | CY17: 11600001 | CZ17: s.d. | DA17: 12500000 | DB17: 0.04 | DC17: =IF(CX17=CY$2,"OK","") | DD17: =IF(CZ$2>=CY17,"OK","") -> OK | DE17: =IF(CZ$2<=DA17,"OK","") | DF17: =DC17&DD17&DE17 -> OK | DG17: =IF(DF17="OKOKOK",DB17,0) -> 0 | DI17: TER A: TK/0 TK/1 K/0 | DJ17: 11600001 | DK17: s.d. | DL17: 12500000 | DM17: 0.04 | DN17: =IF(DI17=DJ$2,"OK","") -> OK | DO17: =IF(DK$2>=DJ17,"OK","") -> OK | DP17: =IF(DK$2<=DL17,"OK","") | DQ17: =DN17&DO17&DP17 -> OKOK | DR17: =IF(DQ17="OKOKOK",DM17,0) -> 0
C18: - Pegawai tetap dan Pensiunan | E18: atas semua penghasilannya | N18: TER A: TK/0 TK/1 K/0 | O18: 12500001 | P18: s.d. | Q18: 13750000 | R18: 0.05 | S18: =IF(N18=O$2,"OK","") -> OK | T18: =IF(P$2>=O18,"OK","") | U18: =IF(P$2<=Q18,"OK","") -> OK | V18: =S18&T18&U18 -> OKOK | W18: =IF(V18="OKOKOK",R18,0) -> 0 | Y18: TER A: TK/0 TK/1 K/0 | Z18: 12500001 | AA18: s.d. | AB18: 13750000 | AC18: 0.05 | AD18: =IF(Y18=Z$2,"OK","") | AE18: =IF(AA$2>=Z18,"OK","") -> OK | AF18: =IF(AA$2<=AB18,"OK","") | AG18: =AD18&AE18&AF18 -> OK | AH18: =IF(AG18="OKOKOK",AC18,0) -> 0 | AJ18: TER A: TK/0 TK/1 K/0 | AK18: 12500001 | AL18: s.d. | AM18: 13750000 | AN18: 0.05 | AO18: =IF(AJ18=AK$2,"OK","") | AP18: =IF(AL$2>=AK18,"OK","") -> OK | AQ18: =IF(AL$2<=AM18,"OK","") | AR18: =AO18&AP18&AQ18 -> OK | AS18: =IF(AR18="OKOKOK",AN18,0) -> 0 | AU18: TER A: TK/0 TK/1 K/0 | AV18: 12500001 | AW18: s.d. | AX18: 13750000 | AY18: 0.05 | AZ18: =IF(AU18=AV$2,"OK","") -> OK | BA18: =IF(AW$2>=AV18,"OK","") -> OK | BB18: =IF(AW$2<=AX18,"OK","") | BC18: =AZ18&BA18&BB18 -> OKOK | BD18: =IF(BC18="OKOKOK",AY18,0) -> 0 | BF18: TER A: TK/0 TK/1 K/0 | BG18: 12500001 | BH18: s.d. | BI18: 13750000 | BJ18: 0.05 | BK18: =IF(BF18=BG$2,"OK","") | BL18: =IF(BH$2>=BG18,"OK","") -> OK | BM18: =IF(BH$2<=BI18,"OK","") | BN18: =BK18&BL18&BM18 -> OK | BO18: =IF(BN18="OKOKOK",BJ18,0) -> 0 | BQ18: TER A: TK/0 TK/1 K/0 | BR18: 12500001 | BS18: s.d. | BT18: 13750000 | BU18: 0.05 | BV18: =IF(BQ18=BR$2,"OK","") | BW18: =IF(BS$2>=BR18,"OK","") -> OK | BX18: =IF(BS$2<=BT18,"OK","") | BY18: =BV18&BW18&BX18 -> OK | BZ18: =IF(BY18="OKOKOK",BU18,0) -> 0 | CB18: TER A: TK/0 TK/1 K/0 | CC18: 12500001 | CD18: s.d. | CE18: 13750000 | CF18: 0.05 | CG18: =IF(CB18=CC$2,"OK","") -> OK | CH18: =IF(CD$2>=CC18,"OK","") -> OK | CI18: =IF(CD$2<=CE18,"OK","") | CJ18: =CG18&CH18&CI18 -> OKOK | CK18: =IF(CJ18="OKOKOK",CF18,0) -> 0 | CM18: TER A: TK/0 TK/1 K/0 | CN18: 12500001 | CO18: s.d. | CP18: 13750000 | CQ18: 0.05 | CR18: =IF(CM18=CN$2,"OK","") | CS18: =IF(CO$2>=CN18,"OK","") -> OK | CT18: =IF(CO$2<=CP18,"OK","") | CU18: =CR18&CS18&CT18 -> OK | CV18: =IF(CU18="OKOKOK",CQ18,0) -> 0 | CX18: TER A: TK/0 TK/1 K/0 | CY18: 12500001 | CZ18: s.d. | DA18: 13750000 | DB18: 0.05 | DC18: =IF(CX18=CY$2,"OK","") | DD18: =IF(CZ$2>=CY18,"OK","") -> OK | DE18: =IF(CZ$2<=DA18,"OK","") | DF18: =DC18&DD18&DE18 -> OK | DG18: =IF(DF18="OKOKOK",DB18,0) -> 0 | DI18: TER A: TK/0 TK/1 K/0 | DJ18: 12500001 | DK18: s.d. | DL18: 13750000 | DM18: 0.05 | DN18: =IF(DI18=DJ$2,"OK","") -> OK | DO18: =IF(DK$2>=DJ18,"OK","") -> OK | DP18: =IF(DK$2<=DL18,"OK","") | DQ18: =DN18&DO18&DP18 -> OKOK | DR18: =IF(DQ18="OKOKOK",DM18,0) -> 0
C19: - Pegawai tidak tetap yang dibayar BULANAN | E19: atas upahnya | N19: TER A: TK/0 TK/1 K/0 | O19: 13750001 | P19: s.d. | Q19: 15100000 | R19: 0.06 | S19: =IF(N19=O$2,"OK","") -> OK | T19: =IF(P$2>=O19,"OK","") | U19: =IF(P$2<=Q19,"OK","") -> OK | V19: =S19&T19&U19 -> OKOK | W19: =IF(V19="OKOKOK",R19,0) -> 0 | Y19: TER A: TK/0 TK/1 K/0 | Z19: 13750001 | AA19: s.d. | AB19: 15100000 | AC19: 0.06 | AD19: =IF(Y19=Z$2,"OK","") | AE19: =IF(AA$2>=Z19,"OK","") -> OK | AF19: =IF(AA$2<=AB19,"OK","") -> OK | AG19: =AD19&AE19&AF19 -> OKOK | AH19: =IF(AG19="OKOKOK",AC19,0) -> 0 | AJ19: TER A: TK/0 TK/1 K/0 | AK19: 13750001 | AL19: s.d. | AM19: 15100000 | AN19: 0.06 | AO19: =IF(AJ19=AK$2,"OK","") | AP19: =IF(AL$2>=AK19,"OK","") -> OK | AQ19: =IF(AL$2<=AM19,"OK","") | AR19: =AO19&AP19&AQ19 -> OK | AS19: =IF(AR19="OKOKOK",AN19,0) -> 0 | AU19: TER A: TK/0 TK/1 K/0 | AV19: 13750001 | AW19: s.d. | AX19: 15100000 | AY19: 0.06 | AZ19: =IF(AU19=AV$2,"OK","") -> OK | BA19: =IF(AW$2>=AV19,"OK","") -> OK | BB19: =IF(AW$2<=AX19,"OK","") | BC19: =AZ19&BA19&BB19 -> OKOK | BD19: =IF(BC19="OKOKOK",AY19,0) -> 0 | BF19: TER A: TK/0 TK/1 K/0 | BG19: 13750001 | BH19: s.d. | BI19: 15100000 | BJ19: 0.06 | BK19: =IF(BF19=BG$2,"OK","") | BL19: =IF(BH$2>=BG19,"OK","") -> OK | BM19: =IF(BH$2<=BI19,"OK","") | BN19: =BK19&BL19&BM19 -> OK | BO19: =IF(BN19="OKOKOK",BJ19,0) -> 0 | BQ19: TER A: TK/0 TK/1 K/0 | BR19: 13750001 | BS19: s.d. | BT19: 15100000 | BU19: 0.06 | BV19: =IF(BQ19=BR$2,"OK","") | BW19: =IF(BS$2>=BR19,"OK","") -> OK | BX19: =IF(BS$2<=BT19,"OK","") | BY19: =BV19&BW19&BX19 -> OK | BZ19: =IF(BY19="OKOKOK",BU19,0) -> 0 | CB19: TER A: TK/0 TK/1 K/0 | CC19: 13750001 | CD19: s.d. | CE19: 15100000 | CF19: 0.06 | CG19: =IF(CB19=CC$2,"OK","") -> OK | CH19: =IF(CD$2>=CC19,"OK","") -> OK | CI19: =IF(CD$2<=CE19,"OK","") | CJ19: =CG19&CH19&CI19 -> OKOK | CK19: =IF(CJ19="OKOKOK",CF19,0) -> 0 | CM19: TER A: TK/0 TK/1 K/0 | CN19: 13750001 | CO19: s.d. | CP19: 15100000 | CQ19: 0.06 | CR19: =IF(CM19=CN$2,"OK","") | CS19: =IF(CO$2>=CN19,"OK","") -> OK | CT19: =IF(CO$2<=CP19,"OK","") | CU19: =CR19&CS19&CT19 -> OK | CV19: =IF(CU19="OKOKOK",CQ19,0) -> 0 | CX19: TER A: TK/0 TK/1 K/0 | CY19: 13750001 | CZ19: s.d. | DA19: 15100000 | DB19: 0.06 | DC19: =IF(CX19=CY$2,"OK","") | DD19: =IF(CZ$2>=CY19,"OK","") -> OK | DE19: =IF(CZ$2<=DA19,"OK","") | DF19: =DC19&DD19&DE19 -> OK | DG19: =IF(DF19="OKOKOK",DB19,0) -> 0 | DI19: TER A: TK/0 TK/1 K/0 | DJ19: 13750001 | DK19: s.d. | DL19: 15100000 | DM19: 0.06 | DN19: =IF(DI19=DJ$2,"OK","") -> OK | DO19: =IF(DK$2>=DJ19,"OK","") -> OK | DP19: =IF(DK$2<=DL19,"OK","") | DQ19: =DN19&DO19&DP19 -> OKOK | DR19: =IF(DQ19="OKOKOK",DM19,0) -> 0
C20: - Pegawai tidak tetap yang dibayar tidak BULANAN | E20: penghasilan 0 s.d 2,5 Jt per Hari | N20: TER A: TK/0 TK/1 K/0 | O20: 15100001 | P20: s.d. | Q20: 16950000 | R20: 0.07 | S20: =IF(N20=O$2,"OK","") -> OK | T20: =IF(P$2>=O20,"OK","") | U20: =IF(P$2<=Q20,"OK","") -> OK | V20: =S20&T20&U20 -> OKOK | W20: =IF(V20="OKOKOK",R20,0) -> 0 | Y20: TER A: TK/0 TK/1 K/0 | Z20: 15100001 | AA20: s.d. | AB20: 16950000 | AC20: 0.07 | AD20: =IF(Y20=Z$2,"OK","") | AE20: =IF(AA$2>=Z20,"OK","") | AF20: =IF(AA$2<=AB20,"OK","") -> OK | AG20: =AD20&AE20&AF20 -> OK | AH20: =IF(AG20="OKOKOK",AC20,0) -> 0 | AJ20: TER A: TK/0 TK/1 K/0 | AK20: 15100001 | AL20: s.d. | AM20: 16950000 | AN20: 0.07 | AO20: =IF(AJ20=AK$2,"OK","") | AP20: =IF(AL$2>=AK20,"OK","") -> OK | AQ20: =IF(AL$2<=AM20,"OK","") | AR20: =AO20&AP20&AQ20 -> OK | AS20: =IF(AR20="OKOKOK",AN20,0) -> 0 | AU20: TER A: TK/0 TK/1 K/0 | AV20: 15100001 | AW20: s.d. | AX20: 16950000 | AY20: 0.07 | AZ20: =IF(AU20=AV$2,"OK","") -> OK | BA20: =IF(AW$2>=AV20,"OK","") -> OK | BB20: =IF(AW$2<=AX20,"OK","") | BC20: =AZ20&BA20&BB20 -> OKOK | BD20: =IF(BC20="OKOKOK",AY20,0) -> 0 | BF20: TER A: TK/0 TK/1 K/0 | BG20: 15100001 | BH20: s.d. | BI20: 16950000 | BJ20: 0.07 | BK20: =IF(BF20=BG$2,"OK","") | BL20: =IF(BH$2>=BG20,"OK","") -> OK | BM20: =IF(BH$2<=BI20,"OK","") | BN20: =BK20&BL20&BM20 -> OK | BO20: =IF(BN20="OKOKOK",BJ20,0) -> 0 | BQ20: TER A: TK/0 TK/1 K/0 | BR20: 15100001 | BS20: s.d. | BT20: 16950000 | BU20: 0.07 | BV20: =IF(BQ20=BR$2,"OK","") | BW20: =IF(BS$2>=BR20,"OK","") -> OK | BX20: =IF(BS$2<=BT20,"OK","") | BY20: =BV20&BW20&BX20 -> OK | BZ20: =IF(BY20="OKOKOK",BU20,0) -> 0 | CB20: TER A: TK/0 TK/1 K/0 | CC20: 15100001 | CD20: s.d. | CE20: 16950000 | CF20: 0.07 | CG20: =IF(CB20=CC$2,"OK","") -> OK | CH20: =IF(CD$2>=CC20,"OK","") -> OK | CI20: =IF(CD$2<=CE20,"OK","") | CJ20: =CG20&CH20&CI20 -> OKOK | CK20: =IF(CJ20="OKOKOK",CF20,0) -> 0 | CM20: TER A: TK/0 TK/1 K/0 | CN20: 15100001 | CO20: s.d. | CP20: 16950000 | CQ20: 0.07 | CR20: =IF(CM20=CN$2,"OK","") | CS20: =IF(CO$2>=CN20,"OK","") -> OK | CT20: =IF(CO$2<=CP20,"OK","") | CU20: =CR20&CS20&CT20 -> OK | CV20: =IF(CU20="OKOKOK",CQ20,0) -> 0 | CX20: TER A: TK/0 TK/1 K/0 | CY20: 15100001 | CZ20: s.d. | DA20: 16950000 | DB20: 0.07 | DC20: =IF(CX20=CY$2,"OK","") | DD20: =IF(CZ$2>=CY20,"OK","") -> OK | DE20: =IF(CZ$2<=DA20,"OK","") | DF20: =DC20&DD20&DE20 -> OK | DG20: =IF(DF20="OKOKOK",DB20,0) -> 0 | DI20: TER A: TK/0 TK/1 K/0 | DJ20: 15100001 | DK20: s.d. | DL20: 16950000 | DM20: 0.07 | DN20: =IF(DI20=DJ$2,"OK","") -> OK | DO20: =IF(DK$2>=DJ20,"OK","") -> OK | DP20: =IF(DK$2<=DL20,"OK","") | DQ20: =DN20&DO20&DP20 -> OKOK | DR20: =IF(DQ20="OKOKOK",DM20,0) -> 0
C21: - Anggota Dewan Komisaris/Pengawas | E21: atas honor | N21: TER A: TK/0 TK/1 K/0 | O21: 16950001 | P21: s.d. | Q21: 19750000 | R21: 0.08 | S21: =IF(N21=O$2,"OK","") -> OK | T21: =IF(P$2>=O21,"OK","") | U21: =IF(P$2<=Q21,"OK","") -> OK | V21: =S21&T21&U21 -> OKOK | W21: =IF(V21="OKOKOK",R21,0) -> 0 | Y21: TER A: TK/0 TK/1 K/0 | Z21: 16950001 | AA21: s.d. | AB21: 19750000 | AC21: 0.08 | AD21: =IF(Y21=Z$2,"OK","") | AE21: =IF(AA$2>=Z21,"OK","") | AF21: =IF(AA$2<=AB21,"OK","") -> OK | AG21: =AD21&AE21&AF21 -> OK | AH21: =IF(AG21="OKOKOK",AC21,0) -> 0 | AJ21: TER A: TK/0 TK/1 K/0 | AK21: 16950001 | AL21: s.d. | AM21: 19750000 | AN21: 0.08 | AO21: =IF(AJ21=AK$2,"OK","") | AP21: =IF(AL$2>=AK21,"OK","") -> OK | AQ21: =IF(AL$2<=AM21,"OK","") | AR21: =AO21&AP21&AQ21 -> OK | AS21: =IF(AR21="OKOKOK",AN21,0) -> 0 | AU21: TER A: TK/0 TK/1 K/0 | AV21: 16950001 | AW21: s.d. | AX21: 19750000 | AY21: 0.08 | AZ21: =IF(AU21=AV$2,"OK","") -> OK | BA21: =IF(AW$2>=AV21,"OK","") -> OK | BB21: =IF(AW$2<=AX21,"OK","") | BC21: =AZ21&BA21&BB21 -> OKOK | BD21: =IF(BC21="OKOKOK",AY21,0) -> 0 | BF21: TER A: TK/0 TK/1 K/0 | BG21: 16950001 | BH21: s.d. | BI21: 19750000 | BJ21: 0.08 | BK21: =IF(BF21=BG$2,"OK","") | BL21: =IF(BH$2>=BG21,"OK","") -> OK | BM21: =IF(BH$2<=BI21,"OK","") | BN21: =BK21&BL21&BM21 -> OK | BO21: =IF(BN21="OKOKOK",BJ21,0) -> 0 | BQ21: TER A: TK/0 TK/1 K/0 | BR21: 16950001 | BS21: s.d. | BT21: 19750000 | BU21: 0.08 | BV21: =IF(BQ21=BR$2,"OK","") | BW21: =IF(BS$2>=BR21,"OK","") -> OK | BX21: =IF(BS$2<=BT21,"OK","") | BY21: =BV21&BW21&BX21 -> OK | BZ21: =IF(BY21="OKOKOK",BU21,0) -> 0 | CB21: TER A: TK/0 TK/1 K/0 | CC21: 16950001 | CD21: s.d. | CE21: 19750000 | CF21: 0.08 | CG21: =IF(CB21=CC$2,"OK","") -> OK | CH21: =IF(CD$2>=CC21,"OK","") -> OK | CI21: =IF(CD$2<=CE21,"OK","") | CJ21: =CG21&CH21&CI21 -> OKOK | CK21: =IF(CJ21="OKOKOK",CF21,0) -> 0 | CM21: TER A: TK/0 TK/1 K/0 | CN21: 16950001 | CO21: s.d. | CP21: 19750000 | CQ21: 0.08 | CR21: =IF(CM21=CN$2,"OK","") | CS21: =IF(CO$2>=CN21,"OK","") -> OK | CT21: =IF(CO$2<=CP21,"OK","") | CU21: =CR21&CS21&CT21 -> OK | CV21: =IF(CU21="OKOKOK",CQ21,0) -> 0 | CX21: TER A: TK/0 TK/1 K/0 | CY21: 16950001 | CZ21: s.d. | DA21: 19750000 | DB21: 0.08 | DC21: =IF(CX21=CY$2,"OK","") | DD21: =IF(CZ$2>=CY21,"OK","") -> OK | DE21: =IF(CZ$2<=DA21,"OK","") | DF21: =DC21&DD21&DE21 -> OK | DG21: =IF(DF21="OKOKOK",DB21,0) -> 0 | DI21: TER A: TK/0 TK/1 K/0 | DJ21: 16950001 | DK21: s.d. | DL21: 19750000 | DM21: 0.08 | DN21: =IF(DI21=DJ$2,"OK","") -> OK | DO21: =IF(DK$2>=DJ21,"OK","") -> OK | DP21: =IF(DK$2<=DL21,"OK","") | DQ21: =DN21&DO21&DP21 -> OKOK | DR21: =IF(DQ21="OKOKOK",DM21,0) -> 0
N22: TER A: TK/0 TK/1 K/0 | O22: 19750001 | P22: s.d. | Q22: 24150000 | R22: 0.09 | S22: =IF(N22=O$2,"OK","") -> OK | T22: =IF(P$2>=O22,"OK","") | U22: =IF(P$2<=Q22,"OK","") -> OK | V22: =S22&T22&U22 -> OKOK | W22: =IF(V22="OKOKOK",R22,0) -> 0 | Y22: TER A: TK/0 TK/1 K/0 | Z22: 19750001 | AA22: s.d. | AB22: 24150000 | AC22: 0.09 | AD22: =IF(Y22=Z$2,"OK","") | AE22: =IF(AA$2>=Z22,"OK","") | AF22: =IF(AA$2<=AB22,"OK","") -> OK | AG22: =AD22&AE22&AF22 -> OK | AH22: =IF(AG22="OKOKOK",AC22,0) -> 0 | AJ22: TER A: TK/0 TK/1 K/0 | AK22: 19750001 | AL22: s.d. | AM22: 24150000 | AN22: 0.09 | AO22: =IF(AJ22=AK$2,"OK","") | AP22: =IF(AL$2>=AK22,"OK","") -> OK | AQ22: =IF(AL$2<=AM22,"OK","") -> OK | AR22: =AO22&AP22&AQ22 -> OKOK | AS22: =IF(AR22="OKOKOK",AN22,0) -> 0 | AU22: TER A: TK/0 TK/1 K/0 | AV22: 19750001 | AW22: s.d. | AX22: 24150000 | AY22: 0.09 | AZ22: =IF(AU22=AV$2,"OK","") -> OK | BA22: =IF(AW$2>=AV22,"OK","") -> OK | BB22: =IF(AW$2<=AX22,"OK","") | BC22: =AZ22&BA22&BB22 -> OKOK | BD22: =IF(BC22="OKOKOK",AY22,0) -> 0 | BF22: TER A: TK/0 TK/1 K/0 | BG22: 19750001 | BH22: s.d. | BI22: 24150000 | BJ22: 0.09 | BK22: =IF(BF22=BG$2,"OK","") | BL22: =IF(BH$2>=BG22,"OK","") -> OK | BM22: =IF(BH$2<=BI22,"OK","") | BN22: =BK22&BL22&BM22 -> OK | BO22: =IF(BN22="OKOKOK",BJ22,0) -> 0 | BQ22: TER A: TK/0 TK/1 K/0 | BR22: 19750001 | BS22: s.d. | BT22: 24150000 | BU22: 0.09 | BV22: =IF(BQ22=BR$2,"OK","") | BW22: =IF(BS$2>=BR22,"OK","") -> OK | BX22: =IF(BS$2<=BT22,"OK","") | BY22: =BV22&BW22&BX22 -> OK | BZ22: =IF(BY22="OKOKOK",BU22,0) -> 0 | CB22: TER A: TK/0 TK/1 K/0 | CC22: 19750001 | CD22: s.d. | CE22: 24150000 | CF22: 0.09 | CG22: =IF(CB22=CC$2,"OK","") -> OK | CH22: =IF(CD$2>=CC22,"OK","") -> OK | CI22: =IF(CD$2<=CE22,"OK","") | CJ22: =CG22&CH22&CI22 -> OKOK | CK22: =IF(CJ22="OKOKOK",CF22,0) -> 0 | CM22: TER A: TK/0 TK/1 K/0 | CN22: 19750001 | CO22: s.d. | CP22: 24150000 | CQ22: 0.09 | CR22: =IF(CM22=CN$2,"OK","") | CS22: =IF(CO$2>=CN22,"OK","") -> OK | CT22: =IF(CO$2<=CP22,"OK","") | CU22: =CR22&CS22&CT22 -> OK | CV22: =IF(CU22="OKOKOK",CQ22,0) -> 0 | CX22: TER A: TK/0 TK/1 K/0 | CY22: 19750001 | CZ22: s.d. | DA22: 24150000 | DB22: 0.09 | DC22: =IF(CX22=CY$2,"OK","") | DD22: =IF(CZ$2>=CY22,"OK","") -> OK | DE22: =IF(CZ$2<=DA22,"OK","") | DF22: =DC22&DD22&DE22 -> OK | DG22: =IF(DF22="OKOKOK",DB22,0) -> 0 | DI22: TER A: TK/0 TK/1 K/0 | DJ22: 19750001 | DK22: s.d. | DL22: 24150000 | DM22: 0.09 | DN22: =IF(DI22=DJ$2,"OK","") -> OK | DO22: =IF(DK$2>=DJ22,"OK","") -> OK | DP22: =IF(DK$2<=DL22,"OK","") | DQ22: =DN22&DO22&DP22 -> OKOK | DR22: =IF(DQ22="OKOKOK",DM22,0) -> 0
N23: TER A: TK/0 TK/1 K/0 | O23: 24150001 | P23: s.d. | Q23: 26450000 | R23: 0.1 | S23: =IF(N23=O$2,"OK","") -> OK | T23: =IF(P$2>=O23,"OK","") | U23: =IF(P$2<=Q23,"OK","") -> OK | V23: =S23&T23&U23 -> OKOK | W23: =IF(V23="OKOKOK",R23,0) -> 0 | Y23: TER A: TK/0 TK/1 K/0 | Z23: 24150001 | AA23: s.d. | AB23: 26450000 | AC23: 0.1 | AD23: =IF(Y23=Z$2,"OK","") | AE23: =IF(AA$2>=Z23,"OK","") | AF23: =IF(AA$2<=AB23,"OK","") -> OK | AG23: =AD23&AE23&AF23 -> OK | AH23: =IF(AG23="OKOKOK",AC23,0) -> 0 | AJ23: TER A: TK/0 TK/1 K/0 | AK23: 24150001 | AL23: s.d. | AM23: 26450000 | AN23: 0.1 | AO23: =IF(AJ23=AK$2,"OK","") | AP23: =IF(AL$2>=AK23,"OK","") | AQ23: =IF(AL$2<=AM23,"OK","") -> OK | AR23: =AO23&AP23&AQ23 -> OK | AS23: =IF(AR23="OKOKOK",AN23,0) -> 0 | AU23: TER A: TK/0 TK/1 K/0 | AV23: 24150001 | AW23: s.d. | AX23: 26450000 | AY23: 0.1 | AZ23: =IF(AU23=AV$2,"OK","") -> OK | BA23: =IF(AW$2>=AV23,"OK","") -> OK | BB23: =IF(AW$2<=AX23,"OK","") -> OK | BC23: =AZ23&BA23&BB23 -> OKOKOK | BD23: =IF(BC23="OKOKOK",AY23,0) -> 0.1 | BF23: TER A: TK/0 TK/1 K/0 | BG23: 24150001 | BH23: s.d. | BI23: 26450000 | BJ23: 0.1 | BK23: =IF(BF23=BG$2,"OK","") | BL23: =IF(BH$2>=BG23,"OK","") -> OK | BM23: =IF(BH$2<=BI23,"OK","") | BN23: =BK23&BL23&BM23 -> OK | BO23: =IF(BN23="OKOKOK",BJ23,0) -> 0 | BQ23: TER A: TK/0 TK/1 K/0 | BR23: 24150001 | BS23: s.d. | BT23: 26450000 | BU23: 0.1 | BV23: =IF(BQ23=BR$2,"OK","") | BW23: =IF(BS$2>=BR23,"OK","") -> OK | BX23: =IF(BS$2<=BT23,"OK","") | BY23: =BV23&BW23&BX23 -> OK | BZ23: =IF(BY23="OKOKOK",BU23,0) -> 0 | CB23: TER A: TK/0 TK/1 K/0 | CC23: 24150001 | CD23: s.d. | CE23: 26450000 | CF23: 0.1 | CG23: =IF(CB23=CC$2,"OK","") -> OK | CH23: =IF(CD$2>=CC23,"OK","") -> OK | CI23: =IF(CD$2<=CE23,"OK","") | CJ23: =CG23&CH23&CI23 -> OKOK | CK23: =IF(CJ23="OKOKOK",CF23,0) -> 0 | CM23: TER A: TK/0 TK/1 K/0 | CN23: 24150001 | CO23: s.d. | CP23: 26450000 | CQ23: 0.1 | CR23: =IF(CM23=CN$2,"OK","") | CS23: =IF(CO$2>=CN23,"OK","") -> OK | CT23: =IF(CO$2<=CP23,"OK","") | CU23: =CR23&CS23&CT23 -> OK | CV23: =IF(CU23="OKOKOK",CQ23,0) -> 0 | CX23: TER A: TK/0 TK/1 K/0 | CY23: 24150001 | CZ23: s.d. | DA23: 26450000 | DB23: 0.1 | DC23: =IF(CX23=CY$2,"OK","") | DD23: =IF(CZ$2>=CY23,"OK","") -> OK | DE23: =IF(CZ$2<=DA23,"OK","") | DF23: =DC23&DD23&DE23 -> OK | DG23: =IF(DF23="OKOKOK",DB23,0) -> 0 | DI23: TER A: TK/0 TK/1 K/0 | DJ23: 24150001 | DK23: s.d. | DL23: 26450000 | DM23: 0.1 | DN23: =IF(DI23=DJ$2,"OK","") -> OK | DO23: =IF(DK$2>=DJ23,"OK","") -> OK | DP23: =IF(DK$2<=DL23,"OK","") | DQ23: =DN23&DO23&DP23 -> OKOK | DR23: =IF(DQ23="OKOKOK",DM23,0) -> 0
C24: ATAU RINCIANNYA SEBAGAI BERIKUT | N24: TER A: TK/0 TK/1 K/0 | O24: 26450001 | P24: s.d. | Q24: 28000000 | R24: 0.11 | S24: =IF(N24=O$2,"OK","") -> OK | T24: =IF(P$2>=O24,"OK","") | U24: =IF(P$2<=Q24,"OK","") -> OK | V24: =S24&T24&U24 -> OKOK | W24: =IF(V24="OKOKOK",R24,0) -> 0 | Y24: TER A: TK/0 TK/1 K/0 | Z24: 26450001 | AA24: s.d. | AB24: 28000000 | AC24: 0.11 | AD24: =IF(Y24=Z$2,"OK","") | AE24: =IF(AA$2>=Z24,"OK","") | AF24: =IF(AA$2<=AB24,"OK","") -> OK | AG24: =AD24&AE24&AF24 -> OK | AH24: =IF(AG24="OKOKOK",AC24,0) -> 0 | AJ24: TER A: TK/0 TK/1 K/0 | AK24: 26450001 | AL24: s.d. | AM24: 28000000 | AN24: 0.11 | AO24: =IF(AJ24=AK$2,"OK","") | AP24: =IF(AL$2>=AK24,"OK","") | AQ24: =IF(AL$2<=AM24,"OK","") -> OK | AR24: =AO24&AP24&AQ24 -> OK | AS24: =IF(AR24="OKOKOK",AN24,0) -> 0 | AU24: TER A: TK/0 TK/1 K/0 | AV24: 26450001 | AW24: s.d. | AX24: 28000000 | AY24: 0.11 | AZ24: =IF(AU24=AV$2,"OK","") -> OK | BA24: =IF(AW$2>=AV24,"OK","") | BB24: =IF(AW$2<=AX24,"OK","") -> OK | BC24: =AZ24&BA24&BB24 -> OKOK | BD24: =IF(BC24="OKOKOK",AY24,0) -> 0 | BF24: TER A: TK/0 TK/1 K/0 | BG24: 26450001 | BH24: s.d. | BI24: 28000000 | BJ24: 0.11 | BK24: =IF(BF24=BG$2,"OK","") | BL24: =IF(BH$2>=BG24,"OK","") -> OK | BM24: =IF(BH$2<=BI24,"OK","") | BN24: =BK24&BL24&BM24 -> OK | BO24: =IF(BN24="OKOKOK",BJ24,0) -> 0 | BQ24: TER A: TK/0 TK/1 K/0 | BR24: 26450001 | BS24: s.d. | BT24: 28000000 | BU24: 0.11 | BV24: =IF(BQ24=BR$2,"OK","") | BW24: =IF(BS$2>=BR24,"OK","") -> OK | BX24: =IF(BS$2<=BT24,"OK","") | BY24: =BV24&BW24&BX24 -> OK | BZ24: =IF(BY24="OKOKOK",BU24,0) -> 0 | CB24: TER A: TK/0 TK/1 K/0 | CC24: 26450001 | CD24: s.d. | CE24: 28000000 | CF24: 0.11 | CG24: =IF(CB24=CC$2,"OK","") -> OK | CH24: =IF(CD$2>=CC24,"OK","") -> OK | CI24: =IF(CD$2<=CE24,"OK","") | CJ24: =CG24&CH24&CI24 -> OKOK | CK24: =IF(CJ24="OKOKOK",CF24,0) -> 0 | CM24: TER A: TK/0 TK/1 K/0 | CN24: 26450001 | CO24: s.d. | CP24: 28000000 | CQ24: 0.11 | CR24: =IF(CM24=CN$2,"OK","") | CS24: =IF(CO$2>=CN24,"OK","") -> OK | CT24: =IF(CO$2<=CP24,"OK","") | CU24: =CR24&CS24&CT24 -> OK | CV24: =IF(CU24="OKOKOK",CQ24,0) -> 0 | CX24: TER A: TK/0 TK/1 K/0 | CY24: 26450001 | CZ24: s.d. | DA24: 28000000 | DB24: 0.11 | DC24: =IF(CX24=CY$2,"OK","") | DD24: =IF(CZ$2>=CY24,"OK","") -> OK | DE24: =IF(CZ$2<=DA24,"OK","") | DF24: =DC24&DD24&DE24 -> OK | DG24: =IF(DF24="OKOKOK",DB24,0) -> 0 | DI24: TER A: TK/0 TK/1 K/0 | DJ24: 26450001 | DK24: s.d. | DL24: 28000000 | DM24: 0.11 | DN24: =IF(DI24=DJ$2,"OK","") -> OK | DO24: =IF(DK$2>=DJ24,"OK","") -> OK | DP24: =IF(DK$2<=DL24,"OK","") | DQ24: =DN24&DO24&DP24 -> OKOK | DR24: =IF(DQ24="OKOKOK",DM24,0) -> 0
N25: TER A: TK/0 TK/1 K/0 | O25: 28000001 | P25: s.d. | Q25: 30050000 | R25: 0.12 | S25: =IF(N25=O$2,"OK","") -> OK | T25: =IF(P$2>=O25,"OK","") | U25: =IF(P$2<=Q25,"OK","") -> OK | V25: =S25&T25&U25 -> OKOK | W25: =IF(V25="OKOKOK",R25,0) -> 0 | Y25: TER A: TK/0 TK/1 K/0 | Z25: 28000001 | AA25: s.d. | AB25: 30050000 | AC25: 0.12 | AD25: =IF(Y25=Z$2,"OK","") | AE25: =IF(AA$2>=Z25,"OK","") | AF25: =IF(AA$2<=AB25,"OK","") -> OK | AG25: =AD25&AE25&AF25 -> OK | AH25: =IF(AG25="OKOKOK",AC25,0) -> 0 | AJ25: TER A: TK/0 TK/1 K/0 | AK25: 28000001 | AL25: s.d. | AM25: 30050000 | AN25: 0.12 | AO25: =IF(AJ25=AK$2,"OK","") | AP25: =IF(AL$2>=AK25,"OK","") | AQ25: =IF(AL$2<=AM25,"OK","") -> OK | AR25: =AO25&AP25&AQ25 -> OK | AS25: =IF(AR25="OKOKOK",AN25,0) -> 0 | AU25: TER A: TK/0 TK/1 K/0 | AV25: 28000001 | AW25: s.d. | AX25: 30050000 | AY25: 0.12 | AZ25: =IF(AU25=AV$2,"OK","") -> OK | BA25: =IF(AW$2>=AV25,"OK","") | BB25: =IF(AW$2<=AX25,"OK","") -> OK | BC25: =AZ25&BA25&BB25 -> OKOK | BD25: =IF(BC25="OKOKOK",AY25,0) -> 0 | BF25: TER A: TK/0 TK/1 K/0 | BG25: 28000001 | BH25: s.d. | BI25: 30050000 | BJ25: 0.12 | BK25: =IF(BF25=BG$2,"OK","") | BL25: =IF(BH$2>=BG25,"OK","") -> OK | BM25: =IF(BH$2<=BI25,"OK","") -> OK | BN25: =BK25&BL25&BM25 -> OKOK | BO25: =IF(BN25="OKOKOK",BJ25,0) -> 0 | BQ25: TER A: TK/0 TK/1 K/0 | BR25: 28000001 | BS25: s.d. | BT25: 30050000 | BU25: 0.12 | BV25: =IF(BQ25=BR$2,"OK","") | BW25: =IF(BS$2>=BR25,"OK","") -> OK | BX25: =IF(BS$2<=BT25,"OK","") | BY25: =BV25&BW25&BX25 -> OK | BZ25: =IF(BY25="OKOKOK",BU25,0) -> 0 | CB25: TER A: TK/0 TK/1 K/0 | CC25: 28000001 | CD25: s.d. | CE25: 30050000 | CF25: 0.12 | CG25: =IF(CB25=CC$2,"OK","") -> OK | CH25: =IF(CD$2>=CC25,"OK","") -> OK | CI25: =IF(CD$2<=CE25,"OK","") | CJ25: =CG25&CH25&CI25 -> OKOK | CK25: =IF(CJ25="OKOKOK",CF25,0) -> 0 | CM25: TER A: TK/0 TK/1 K/0 | CN25: 28000001 | CO25: s.d. | CP25: 30050000 | CQ25: 0.12 | CR25: =IF(CM25=CN$2,"OK","") | CS25: =IF(CO$2>=CN25,"OK","") -> OK | CT25: =IF(CO$2<=CP25,"OK","") | CU25: =CR25&CS25&CT25 -> OK | CV25: =IF(CU25="OKOKOK",CQ25,0) -> 0 | CX25: TER A: TK/0 TK/1 K/0 | CY25: 28000001 | CZ25: s.d. | DA25: 30050000 | DB25: 0.12 | DC25: =IF(CX25=CY$2,"OK","") | DD25: =IF(CZ$2>=CY25,"OK","") -> OK | DE25: =IF(CZ$2<=DA25,"OK","") | DF25: =DC25&DD25&DE25 -> OK | DG25: =IF(DF25="OKOKOK",DB25,0) -> 0 | DI25: TER A: TK/0 TK/1 K/0 | DJ25: 28000001 | DK25: s.d. | DL25: 30050000 | DM25: 0.12 | DN25: =IF(DI25=DJ$2,"OK","") -> OK | DO25: =IF(DK$2>=DJ25,"OK","") -> OK | DP25: =IF(DK$2<=DL25,"OK","") | DQ25: =DN25&DO25&DP25 -> OKOK | DR25: =IF(DQ25="OKOKOK",DM25,0) -> 0
N26: TER A: TK/0 TK/1 K/0 | O26: 30050001 | P26: s.d. | Q26: 32400000 | R26: 0.13 | S26: =IF(N26=O$2,"OK","") -> OK | T26: =IF(P$2>=O26,"OK","") | U26: =IF(P$2<=Q26,"OK","") -> OK | V26: =S26&T26&U26 -> OKOK | W26: =IF(V26="OKOKOK",R26,0) -> 0 | Y26: TER A: TK/0 TK/1 K/0 | Z26: 30050001 | AA26: s.d. | AB26: 32400000 | AC26: 0.13 | AD26: =IF(Y26=Z$2,"OK","") | AE26: =IF(AA$2>=Z26,"OK","") | AF26: =IF(AA$2<=AB26,"OK","") -> OK | AG26: =AD26&AE26&AF26 -> OK | AH26: =IF(AG26="OKOKOK",AC26,0) -> 0 | AJ26: TER A: TK/0 TK/1 K/0 | AK26: 30050001 | AL26: s.d. | AM26: 32400000 | AN26: 0.13 | AO26: =IF(AJ26=AK$2,"OK","") | AP26: =IF(AL$2>=AK26,"OK","") | AQ26: =IF(AL$2<=AM26,"OK","") -> OK | AR26: =AO26&AP26&AQ26 -> OK | AS26: =IF(AR26="OKOKOK",AN26,0) -> 0 | AU26: TER A: TK/0 TK/1 K/0 | AV26: 30050001 | AW26: s.d. | AX26: 32400000 | AY26: 0.13 | AZ26: =IF(AU26=AV$2,"OK","") -> OK | BA26: =IF(AW$2>=AV26,"OK","") | BB26: =IF(AW$2<=AX26,"OK","") -> OK | BC26: =AZ26&BA26&BB26 -> OKOK | BD26: =IF(BC26="OKOKOK",AY26,0) -> 0 | BF26: TER A: TK/0 TK/1 K/0 | BG26: 30050001 | BH26: s.d. | BI26: 32400000 | BJ26: 0.13 | BK26: =IF(BF26=BG$2,"OK","") | BL26: =IF(BH$2>=BG26,"OK","") | BM26: =IF(BH$2<=BI26,"OK","") -> OK | BN26: =BK26&BL26&BM26 -> OK | BO26: =IF(BN26="OKOKOK",BJ26,0) -> 0 | BQ26: TER A: TK/0 TK/1 K/0 | BR26: 30050001 | BS26: s.d. | BT26: 32400000 | BU26: 0.13 | BV26: =IF(BQ26=BR$2,"OK","") | BW26: =IF(BS$2>=BR26,"OK","") -> OK | BX26: =IF(BS$2<=BT26,"OK","") | BY26: =BV26&BW26&BX26 -> OK | BZ26: =IF(BY26="OKOKOK",BU26,0) -> 0 | CB26: TER A: TK/0 TK/1 K/0 | CC26: 30050001 | CD26: s.d. | CE26: 32400000 | CF26: 0.13 | CG26: =IF(CB26=CC$2,"OK","") -> OK | CH26: =IF(CD$2>=CC26,"OK","") -> OK | CI26: =IF(CD$2<=CE26,"OK","") | CJ26: =CG26&CH26&CI26 -> OKOK | CK26: =IF(CJ26="OKOKOK",CF26,0) -> 0 | CM26: TER A: TK/0 TK/1 K/0 | CN26: 30050001 | CO26: s.d. | CP26: 32400000 | CQ26: 0.13 | CR26: =IF(CM26=CN$2,"OK","") | CS26: =IF(CO$2>=CN26,"OK","") -> OK | CT26: =IF(CO$2<=CP26,"OK","") | CU26: =CR26&CS26&CT26 -> OK | CV26: =IF(CU26="OKOKOK",CQ26,0) -> 0 | CX26: TER A: TK/0 TK/1 K/0 | CY26: 30050001 | CZ26: s.d. | DA26: 32400000 | DB26: 0.13 | DC26: =IF(CX26=CY$2,"OK","") | DD26: =IF(CZ$2>=CY26,"OK","") -> OK | DE26: =IF(CZ$2<=DA26,"OK","") | DF26: =DC26&DD26&DE26 -> OK | DG26: =IF(DF26="OKOKOK",DB26,0) -> 0 | DI26: TER A: TK/0 TK/1 K/0 | DJ26: 30050001 | DK26: s.d. | DL26: 32400000 | DM26: 0.13 | DN26: =IF(DI26=DJ$2,"OK","") -> OK | DO26: =IF(DK$2>=DJ26,"OK","") -> OK | DP26: =IF(DK$2<=DL26,"OK","") | DQ26: =DN26&DO26&DP26 -> OKOK | DR26: =IF(DQ26="OKOKOK",DM26,0) -> 0
N27: TER A: TK/0 TK/1 K/0 | O27: 32400001 | P27: s.d. | Q27: 35400000 | R27: 0.14 | S27: =IF(N27=O$2,"OK","") -> OK | T27: =IF(P$2>=O27,"OK","") | U27: =IF(P$2<=Q27,"OK","") -> OK | V27: =S27&T27&U27 -> OKOK | W27: =IF(V27="OKOKOK",R27,0) -> 0 | Y27: TER A: TK/0 TK/1 K/0 | Z27: 32400001 | AA27: s.d. | AB27: 35400000 | AC27: 0.14 | AD27: =IF(Y27=Z$2,"OK","") | AE27: =IF(AA$2>=Z27,"OK","") | AF27: =IF(AA$2<=AB27,"OK","") -> OK | AG27: =AD27&AE27&AF27 -> OK | AH27: =IF(AG27="OKOKOK",AC27,0) -> 0 | AJ27: TER A: TK/0 TK/1 K/0 | AK27: 32400001 | AL27: s.d. | AM27: 35400000 | AN27: 0.14 | AO27: =IF(AJ27=AK$2,"OK","") | AP27: =IF(AL$2>=AK27,"OK","") | AQ27: =IF(AL$2<=AM27,"OK","") -> OK | AR27: =AO27&AP27&AQ27 -> OK | AS27: =IF(AR27="OKOKOK",AN27,0) -> 0 | AU27: TER A: TK/0 TK/1 K/0 | AV27: 32400001 | AW27: s.d. | AX27: 35400000 | AY27: 0.14 | AZ27: =IF(AU27=AV$2,"OK","") -> OK | BA27: =IF(AW$2>=AV27,"OK","") | BB27: =IF(AW$2<=AX27,"OK","") -> OK | BC27: =AZ27&BA27&BB27 -> OKOK | BD27: =IF(BC27="OKOKOK",AY27,0) -> 0 | BF27: TER A: TK/0 TK/1 K/0 | BG27: 32400001 | BH27: s.d. | BI27: 35400000 | BJ27: 0.14 | BK27: =IF(BF27=BG$2,"OK","") | BL27: =IF(BH$2>=BG27,"OK","") | BM27: =IF(BH$2<=BI27,"OK","") -> OK | BN27: =BK27&BL27&BM27 -> OK | BO27: =IF(BN27="OKOKOK",BJ27,0) -> 0 | BQ27: TER A: TK/0 TK/1 K/0 | BR27: 32400001 | BS27: s.d. | BT27: 35400000 | BU27: 0.14 | BV27: =IF(BQ27=BR$2,"OK","") | BW27: =IF(BS$2>=BR27,"OK","") -> OK | BX27: =IF(BS$2<=BT27,"OK","") -> OK | BY27: =BV27&BW27&BX27 -> OKOK | BZ27: =IF(BY27="OKOKOK",BU27,0) -> 0 | CB27: TER A: TK/0 TK/1 K/0 | CC27: 32400001 | CD27: s.d. | CE27: 35400000 | CF27: 0.14 | CG27: =IF(CB27=CC$2,"OK","") -> OK | CH27: =IF(CD$2>=CC27,"OK","") -> OK | CI27: =IF(CD$2<=CE27,"OK","") | CJ27: =CG27&CH27&CI27 -> OKOK | CK27: =IF(CJ27="OKOKOK",CF27,0) -> 0 | CM27: TER A: TK/0 TK/1 K/0 | CN27: 32400001 | CO27: s.d. | CP27: 35400000 | CQ27: 0.14 | CR27: =IF(CM27=CN$2,"OK","") | CS27: =IF(CO$2>=CN27,"OK","") -> OK | CT27: =IF(CO$2<=CP27,"OK","") | CU27: =CR27&CS27&CT27 -> OK | CV27: =IF(CU27="OKOKOK",CQ27,0) -> 0 | CX27: TER A: TK/0 TK/1 K/0 | CY27: 32400001 | CZ27: s.d. | DA27: 35400000 | DB27: 0.14 | DC27: =IF(CX27=CY$2,"OK","") | DD27: =IF(CZ$2>=CY27,"OK","") -> OK | DE27: =IF(CZ$2<=DA27,"OK","") | DF27: =DC27&DD27&DE27 -> OK | DG27: =IF(DF27="OKOKOK",DB27,0) -> 0 | DI27: TER A: TK/0 TK/1 K/0 | DJ27: 32400001 | DK27: s.d. | DL27: 35400000 | DM27: 0.14 | DN27: =IF(DI27=DJ$2,"OK","") -> OK | DO27: =IF(DK$2>=DJ27,"OK","") -> OK | DP27: =IF(DK$2<=DL27,"OK","") | DQ27: =DN27&DO27&DP27 -> OKOK | DR27: =IF(DQ27="OKOKOK",DM27,0) -> 0
N28: TER A: TK/0 TK/1 K/0 | O28: 35400001 | P28: s.d. | Q28: 39100000 | R28: 0.15 | S28: =IF(N28=O$2,"OK","") -> OK | T28: =IF(P$2>=O28,"OK","") | U28: =IF(P$2<=Q28,"OK","") -> OK | V28: =S28&T28&U28 -> OKOK | W28: =IF(V28="OKOKOK",R28,0) -> 0 | Y28: TER A: TK/0 TK/1 K/0 | Z28: 35400001 | AA28: s.d. | AB28: 39100000 | AC28: 0.15 | AD28: =IF(Y28=Z$2,"OK","") | AE28: =IF(AA$2>=Z28,"OK","") | AF28: =IF(AA$2<=AB28,"OK","") -> OK | AG28: =AD28&AE28&AF28 -> OK | AH28: =IF(AG28="OKOKOK",AC28,0) -> 0 | AJ28: TER A: TK/0 TK/1 K/0 | AK28: 35400001 | AL28: s.d. | AM28: 39100000 | AN28: 0.15 | AO28: =IF(AJ28=AK$2,"OK","") | AP28: =IF(AL$2>=AK28,"OK","") | AQ28: =IF(AL$2<=AM28,"OK","") -> OK | AR28: =AO28&AP28&AQ28 -> OK | AS28: =IF(AR28="OKOKOK",AN28,0) -> 0 | AU28: TER A: TK/0 TK/1 K/0 | AV28: 35400001 | AW28: s.d. | AX28: 39100000 | AY28: 0.15 | AZ28: =IF(AU28=AV$2,"OK","") -> OK | BA28: =IF(AW$2>=AV28,"OK","") | BB28: =IF(AW$2<=AX28,"OK","") -> OK | BC28: =AZ28&BA28&BB28 -> OKOK | BD28: =IF(BC28="OKOKOK",AY28,0) -> 0 | BF28: TER A: TK/0 TK/1 K/0 | BG28: 35400001 | BH28: s.d. | BI28: 39100000 | BJ28: 0.15 | BK28: =IF(BF28=BG$2,"OK","") | BL28: =IF(BH$2>=BG28,"OK","") | BM28: =IF(BH$2<=BI28,"OK","") -> OK | BN28: =BK28&BL28&BM28 -> OK | BO28: =IF(BN28="OKOKOK",BJ28,0) -> 0 | BQ28: TER A: TK/0 TK/1 K/0 | BR28: 35400001 | BS28: s.d. | BT28: 39100000 | BU28: 0.15 | BV28: =IF(BQ28=BR$2,"OK","") | BW28: =IF(BS$2>=BR28,"OK","") | BX28: =IF(BS$2<=BT28,"OK","") -> OK | BY28: =BV28&BW28&BX28 -> OK | BZ28: =IF(BY28="OKOKOK",BU28,0) -> 0 | CB28: TER A: TK/0 TK/1 K/0 | CC28: 35400001 | CD28: s.d. | CE28: 39100000 | CF28: 0.15 | CG28: =IF(CB28=CC$2,"OK","") -> OK | CH28: =IF(CD$2>=CC28,"OK","") -> OK | CI28: =IF(CD$2<=CE28,"OK","") | CJ28: =CG28&CH28&CI28 -> OKOK | CK28: =IF(CJ28="OKOKOK",CF28,0) -> 0 | CM28: TER A: TK/0 TK/1 K/0 | CN28: 35400001 | CO28: s.d. | CP28: 39100000 | CQ28: 0.15 | CR28: =IF(CM28=CN$2,"OK","") | CS28: =IF(CO$2>=CN28,"OK","") -> OK | CT28: =IF(CO$2<=CP28,"OK","") | CU28: =CR28&CS28&CT28 -> OK | CV28: =IF(CU28="OKOKOK",CQ28,0) -> 0 | CX28: TER A: TK/0 TK/1 K/0 | CY28: 35400001 | CZ28: s.d. | DA28: 39100000 | DB28: 0.15 | DC28: =IF(CX28=CY$2,"OK","") | DD28: =IF(CZ$2>=CY28,"OK","") -> OK | DE28: =IF(CZ$2<=DA28,"OK","") | DF28: =DC28&DD28&DE28 -> OK | DG28: =IF(DF28="OKOKOK",DB28,0) -> 0 | DI28: TER A: TK/0 TK/1 K/0 | DJ28: 35400001 | DK28: s.d. | DL28: 39100000 | DM28: 0.15 | DN28: =IF(DI28=DJ$2,"OK","") -> OK | DO28: =IF(DK$2>=DJ28,"OK","") -> OK | DP28: =IF(DK$2<=DL28,"OK","") | DQ28: =DN28&DO28&DP28 -> OKOK | DR28: =IF(DQ28="OKOKOK",DM28,0) -> 0
N29: TER A: TK/0 TK/1 K/0 | O29: 39100001 | P29: s.d. | Q29: 43850000 | R29: 0.16 | S29: =IF(N29=O$2,"OK","") -> OK | T29: =IF(P$2>=O29,"OK","") | U29: =IF(P$2<=Q29,"OK","") -> OK | V29: =S29&T29&U29 -> OKOK | W29: =IF(V29="OKOKOK",R29,0) -> 0 | Y29: TER A: TK/0 TK/1 K/0 | Z29: 39100001 | AA29: s.d. | AB29: 43850000 | AC29: 0.16 | AD29: =IF(Y29=Z$2,"OK","") | AE29: =IF(AA$2>=Z29,"OK","") | AF29: =IF(AA$2<=AB29,"OK","") -> OK | AG29: =AD29&AE29&AF29 -> OK | AH29: =IF(AG29="OKOKOK",AC29,0) -> 0 | AJ29: TER A: TK/0 TK/1 K/0 | AK29: 39100001 | AL29: s.d. | AM29: 43850000 | AN29: 0.16 | AO29: =IF(AJ29=AK$2,"OK","") | AP29: =IF(AL$2>=AK29,"OK","") | AQ29: =IF(AL$2<=AM29,"OK","") -> OK | AR29: =AO29&AP29&AQ29 -> OK | AS29: =IF(AR29="OKOKOK",AN29,0) -> 0 | AU29: TER A: TK/0 TK/1 K/0 | AV29: 39100001 | AW29: s.d. | AX29: 43850000 | AY29: 0.16 | AZ29: =IF(AU29=AV$2,"OK","") -> OK | BA29: =IF(AW$2>=AV29,"OK","") | BB29: =IF(AW$2<=AX29,"OK","") -> OK | BC29: =AZ29&BA29&BB29 -> OKOK | BD29: =IF(BC29="OKOKOK",AY29,0) -> 0 | BF29: TER A: TK/0 TK/1 K/0 | BG29: 39100001 | BH29: s.d. | BI29: 43850000 | BJ29: 0.16 | BK29: =IF(BF29=BG$2,"OK","") | BL29: =IF(BH$2>=BG29,"OK","") | BM29: =IF(BH$2<=BI29,"OK","") -> OK | BN29: =BK29&BL29&BM29 -> OK | BO29: =IF(BN29="OKOKOK",BJ29,0) -> 0 | BQ29: TER A: TK/0 TK/1 K/0 | BR29: 39100001 | BS29: s.d. | BT29: 43850000 | BU29: 0.16 | BV29: =IF(BQ29=BR$2,"OK","") | BW29: =IF(BS$2>=BR29,"OK","") | BX29: =IF(BS$2<=BT29,"OK","") -> OK | BY29: =BV29&BW29&BX29 -> OK | BZ29: =IF(BY29="OKOKOK",BU29,0) -> 0 | CB29: TER A: TK/0 TK/1 K/0 | CC29: 39100001 | CD29: s.d. | CE29: 43850000 | CF29: 0.16 | CG29: =IF(CB29=CC$2,"OK","") -> OK | CH29: =IF(CD$2>=CC29,"OK","") -> OK | CI29: =IF(CD$2<=CE29,"OK","") -> OK | CJ29: =CG29&CH29&CI29 -> OKOKOK | CK29: =IF(CJ29="OKOKOK",CF29,0) -> 0.16 | CM29: TER A: TK/0 TK/1 K/0 | CN29: 39100001 | CO29: s.d. | CP29: 43850000 | CQ29: 0.16 | CR29: =IF(CM29=CN$2,"OK","") | CS29: =IF(CO$2>=CN29,"OK","") -> OK | CT29: =IF(CO$2<=CP29,"OK","") | CU29: =CR29&CS29&CT29 -> OK | CV29: =IF(CU29="OKOKOK",CQ29,0) -> 0 | CX29: TER A: TK/0 TK/1 K/0 | CY29: 39100001 | CZ29: s.d. | DA29: 43850000 | DB29: 0.16 | DC29: =IF(CX29=CY$2,"OK","") | DD29: =IF(CZ$2>=CY29,"OK","") -> OK | DE29: =IF(CZ$2<=DA29,"OK","") | DF29: =DC29&DD29&DE29 -> OK | DG29: =IF(DF29="OKOKOK",DB29,0) -> 0 | DI29: TER A: TK/0 TK/1 K/0 | DJ29: 39100001 | DK29: s.d. | DL29: 43850000 | DM29: 0.16 | DN29: =IF(DI29=DJ$2,"OK","") -> OK | DO29: =IF(DK$2>=DJ29,"OK","") -> OK | DP29: =IF(DK$2<=DL29,"OK","") | DQ29: =DN29&DO29&DP29 -> OKOK | DR29: =IF(DQ29="OKOKOK",DM29,0) -> 0
N30: TER A: TK/0 TK/1 K/0 | O30: 43850001 | P30: s.d. | Q30: 47800000 | R30: 0.17 | S30: =IF(N30=O$2,"OK","") -> OK | T30: =IF(P$2>=O30,"OK","") | U30: =IF(P$2<=Q30,"OK","") -> OK | V30: =S30&T30&U30 -> OKOK | W30: =IF(V30="OKOKOK",R30,0) -> 0 | Y30: TER A: TK/0 TK/1 K/0 | Z30: 43850001 | AA30: s.d. | AB30: 47800000 | AC30: 0.17 | AD30: =IF(Y30=Z$2,"OK","") | AE30: =IF(AA$2>=Z30,"OK","") | AF30: =IF(AA$2<=AB30,"OK","") -> OK | AG30: =AD30&AE30&AF30 -> OK | AH30: =IF(AG30="OKOKOK",AC30,0) -> 0 | AJ30: TER A: TK/0 TK/1 K/0 | AK30: 43850001 | AL30: s.d. | AM30: 47800000 | AN30: 0.17 | AO30: =IF(AJ30=AK$2,"OK","") | AP30: =IF(AL$2>=AK30,"OK","") | AQ30: =IF(AL$2<=AM30,"OK","") -> OK | AR30: =AO30&AP30&AQ30 -> OK | AS30: =IF(AR30="OKOKOK",AN30,0) -> 0 | AU30: TER A: TK/0 TK/1 K/0 | AV30: 43850001 | AW30: s.d. | AX30: 47800000 | AY30: 0.17 | AZ30: =IF(AU30=AV$2,"OK","") -> OK | BA30: =IF(AW$2>=AV30,"OK","") | BB30: =IF(AW$2<=AX30,"OK","") -> OK | BC30: =AZ30&BA30&BB30 -> OKOK | BD30: =IF(BC30="OKOKOK",AY30,0) -> 0 | BF30: TER A: TK/0 TK/1 K/0 | BG30: 43850001 | BH30: s.d. | BI30: 47800000 | BJ30: 0.17 | BK30: =IF(BF30=BG$2,"OK","") | BL30: =IF(BH$2>=BG30,"OK","") | BM30: =IF(BH$2<=BI30,"OK","") -> OK | BN30: =BK30&BL30&BM30 -> OK | BO30: =IF(BN30="OKOKOK",BJ30,0) -> 0 | BQ30: TER A: TK/0 TK/1 K/0 | BR30: 43850001 | BS30: s.d. | BT30: 47800000 | BU30: 0.17 | BV30: =IF(BQ30=BR$2,"OK","") | BW30: =IF(BS$2>=BR30,"OK","") | BX30: =IF(BS$2<=BT30,"OK","") -> OK | BY30: =BV30&BW30&BX30 -> OK | BZ30: =IF(BY30="OKOKOK",BU30,0) -> 0 | CB30: TER A: TK/0 TK/1 K/0 | CC30: 43850001 | CD30: s.d. | CE30: 47800000 | CF30: 0.17 | CG30: =IF(CB30=CC$2,"OK","") -> OK | CH30: =IF(CD$2>=CC30,"OK","") | CI30: =IF(CD$2<=CE30,"OK","") -> OK | CJ30: =CG30&CH30&CI30 -> OKOK | CK30: =IF(CJ30="OKOKOK",CF30,0) -> 0 | CM30: TER A: TK/0 TK/1 K/0 | CN30: 43850001 | CO30: s.d. | CP30: 47800000 | CQ30: 0.17 | CR30: =IF(CM30=CN$2,"OK","") | CS30: =IF(CO$2>=CN30,"OK","") -> OK | CT30: =IF(CO$2<=CP30,"OK","") -> OK | CU30: =CR30&CS30&CT30 -> OKOK | CV30: =IF(CU30="OKOKOK",CQ30,0) -> 0 | CX30: TER A: TK/0 TK/1 K/0 | CY30: 43850001 | CZ30: s.d. | DA30: 47800000 | DB30: 0.17 | DC30: =IF(CX30=CY$2,"OK","") | DD30: =IF(CZ$2>=CY30,"OK","") -> OK | DE30: =IF(CZ$2<=DA30,"OK","") | DF30: =DC30&DD30&DE30 -> OK | DG30: =IF(DF30="OKOKOK",DB30,0) -> 0 | DI30: TER A: TK/0 TK/1 K/0 | DJ30: 43850001 | DK30: s.d. | DL30: 47800000 | DM30: 0.17 | DN30: =IF(DI30=DJ$2,"OK","") -> OK | DO30: =IF(DK$2>=DJ30,"OK","") -> OK | DP30: =IF(DK$2<=DL30,"OK","") | DQ30: =DN30&DO30&DP30 -> OKOK | DR30: =IF(DQ30="OKOKOK",DM30,0) -> 0
N31: TER A: TK/0 TK/1 K/0 | O31: 47800001 | P31: s.d. | Q31: 51400000 | R31: 0.18 | S31: =IF(N31=O$2,"OK","") -> OK | T31: =IF(P$2>=O31,"OK","") | U31: =IF(P$2<=Q31,"OK","") -> OK | V31: =S31&T31&U31 -> OKOK | W31: =IF(V31="OKOKOK",R31,0) -> 0 | Y31: TER A: TK/0 TK/1 K/0 | Z31: 47800001 | AA31: s.d. | AB31: 51400000 | AC31: 0.18 | AD31: =IF(Y31=Z$2,"OK","") | AE31: =IF(AA$2>=Z31,"OK","") | AF31: =IF(AA$2<=AB31,"OK","") -> OK | AG31: =AD31&AE31&AF31 -> OK | AH31: =IF(AG31="OKOKOK",AC31,0) -> 0 | AJ31: TER A: TK/0 TK/1 K/0 | AK31: 47800001 | AL31: s.d. | AM31: 51400000 | AN31: 0.18 | AO31: =IF(AJ31=AK$2,"OK","") | AP31: =IF(AL$2>=AK31,"OK","") | AQ31: =IF(AL$2<=AM31,"OK","") -> OK | AR31: =AO31&AP31&AQ31 -> OK | AS31: =IF(AR31="OKOKOK",AN31,0) -> 0 | AU31: TER A: TK/0 TK/1 K/0 | AV31: 47800001 | AW31: s.d. | AX31: 51400000 | AY31: 0.18 | AZ31: =IF(AU31=AV$2,"OK","") -> OK | BA31: =IF(AW$2>=AV31,"OK","") | BB31: =IF(AW$2<=AX31,"OK","") -> OK | BC31: =AZ31&BA31&BB31 -> OKOK | BD31: =IF(BC31="OKOKOK",AY31,0) -> 0 | BF31: TER A: TK/0 TK/1 K/0 | BG31: 47800001 | BH31: s.d. | BI31: 51400000 | BJ31: 0.18 | BK31: =IF(BF31=BG$2,"OK","") | BL31: =IF(BH$2>=BG31,"OK","") | BM31: =IF(BH$2<=BI31,"OK","") -> OK | BN31: =BK31&BL31&BM31 -> OK | BO31: =IF(BN31="OKOKOK",BJ31,0) -> 0 | BQ31: TER A: TK/0 TK/1 K/0 | BR31: 47800001 | BS31: s.d. | BT31: 51400000 | BU31: 0.18 | BV31: =IF(BQ31=BR$2,"OK","") | BW31: =IF(BS$2>=BR31,"OK","") | BX31: =IF(BS$2<=BT31,"OK","") -> OK | BY31: =BV31&BW31&BX31 -> OK | BZ31: =IF(BY31="OKOKOK",BU31,0) -> 0 | CB31: TER A: TK/0 TK/1 K/0 | CC31: 47800001 | CD31: s.d. | CE31: 51400000 | CF31: 0.18 | CG31: =IF(CB31=CC$2,"OK","") -> OK | CH31: =IF(CD$2>=CC31,"OK","") | CI31: =IF(CD$2<=CE31,"OK","") -> OK | CJ31: =CG31&CH31&CI31 -> OKOK | CK31: =IF(CJ31="OKOKOK",CF31,0) -> 0 | CM31: TER A: TK/0 TK/1 K/0 | CN31: 47800001 | CO31: s.d. | CP31: 51400000 | CQ31: 0.18 | CR31: =IF(CM31=CN$2,"OK","") | CS31: =IF(CO$2>=CN31,"OK","") | CT31: =IF(CO$2<=CP31,"OK","") -> OK | CU31: =CR31&CS31&CT31 -> OK | CV31: =IF(CU31="OKOKOK",CQ31,0) -> 0 | CX31: TER A: TK/0 TK/1 K/0 | CY31: 47800001 | CZ31: s.d. | DA31: 51400000 | DB31: 0.18 | DC31: =IF(CX31=CY$2,"OK","") | DD31: =IF(CZ$2>=CY31,"OK","") -> OK | DE31: =IF(CZ$2<=DA31,"OK","") -> OK | DF31: =DC31&DD31&DE31 -> OKOK | DG31: =IF(DF31="OKOKOK",DB31,0) -> 0 | DI31: TER A: TK/0 TK/1 K/0 | DJ31: 47800001 | DK31: s.d. | DL31: 51400000 | DM31: 0.18 | DN31: =IF(DI31=DJ$2,"OK","") -> OK | DO31: =IF(DK$2>=DJ31,"OK","") -> OK | DP31: =IF(DK$2<=DL31,"OK","") | DQ31: =DN31&DO31&DP31 -> OKOK | DR31: =IF(DQ31="OKOKOK",DM31,0) -> 0
N32: TER A: TK/0 TK/1 K/0 | O32: 51400001 | P32: s.d. | Q32: 56300000 | R32: 0.19 | S32: =IF(N32=O$2,"OK","") -> OK | T32: =IF(P$2>=O32,"OK","") | U32: =IF(P$2<=Q32,"OK","") -> OK | V32: =S32&T32&U32 -> OKOK | W32: =IF(V32="OKOKOK",R32,0) -> 0 | Y32: TER A: TK/0 TK/1 K/0 | Z32: 51400001 | AA32: s.d. | AB32: 56300000 | AC32: 0.19 | AD32: =IF(Y32=Z$2,"OK","") | AE32: =IF(AA$2>=Z32,"OK","") | AF32: =IF(AA$2<=AB32,"OK","") -> OK | AG32: =AD32&AE32&AF32 -> OK | AH32: =IF(AG32="OKOKOK",AC32,0) -> 0 | AJ32: TER A: TK/0 TK/1 K/0 | AK32: 51400001 | AL32: s.d. | AM32: 56300000 | AN32: 0.19 | AO32: =IF(AJ32=AK$2,"OK","") | AP32: =IF(AL$2>=AK32,"OK","") | AQ32: =IF(AL$2<=AM32,"OK","") -> OK | AR32: =AO32&AP32&AQ32 -> OK | AS32: =IF(AR32="OKOKOK",AN32,0) -> 0 | AU32: TER A: TK/0 TK/1 K/0 | AV32: 51400001 | AW32: s.d. | AX32: 56300000 | AY32: 0.19 | AZ32: =IF(AU32=AV$2,"OK","") -> OK | BA32: =IF(AW$2>=AV32,"OK","") | BB32: =IF(AW$2<=AX32,"OK","") -> OK | BC32: =AZ32&BA32&BB32 -> OKOK | BD32: =IF(BC32="OKOKOK",AY32,0) -> 0 | BF32: TER A: TK/0 TK/1 K/0 | BG32: 51400001 | BH32: s.d. | BI32: 56300000 | BJ32: 0.19 | BK32: =IF(BF32=BG$2,"OK","") | BL32: =IF(BH$2>=BG32,"OK","") | BM32: =IF(BH$2<=BI32,"OK","") -> OK | BN32: =BK32&BL32&BM32 -> OK | BO32: =IF(BN32="OKOKOK",BJ32,0) -> 0 | BQ32: TER A: TK/0 TK/1 K/0 | BR32: 51400001 | BS32: s.d. | BT32: 56300000 | BU32: 0.19 | BV32: =IF(BQ32=BR$2,"OK","") | BW32: =IF(BS$2>=BR32,"OK","") | BX32: =IF(BS$2<=BT32,"OK","") -> OK | BY32: =BV32&BW32&BX32 -> OK | BZ32: =IF(BY32="OKOKOK",BU32,0) -> 0 | CB32: TER A: TK/0 TK/1 K/0 | CC32: 51400001 | CD32: s.d. | CE32: 56300000 | CF32: 0.19 | CG32: =IF(CB32=CC$2,"OK","") -> OK | CH32: =IF(CD$2>=CC32,"OK","") | CI32: =IF(CD$2<=CE32,"OK","") -> OK | CJ32: =CG32&CH32&CI32 -> OKOK | CK32: =IF(CJ32="OKOKOK",CF32,0) -> 0 | CM32: TER A: TK/0 TK/1 K/0 | CN32: 51400001 | CO32: s.d. | CP32: 56300000 | CQ32: 0.19 | CR32: =IF(CM32=CN$2,"OK","") | CS32: =IF(CO$2>=CN32,"OK","") | CT32: =IF(CO$2<=CP32,"OK","") -> OK | CU32: =CR32&CS32&CT32 -> OK | CV32: =IF(CU32="OKOKOK",CQ32,0) -> 0 | CX32: TER A: TK/0 TK/1 K/0 | CY32: 51400001 | CZ32: s.d. | DA32: 56300000 | DB32: 0.19 | DC32: =IF(CX32=CY$2,"OK","") | DD32: =IF(CZ$2>=CY32,"OK","") | DE32: =IF(CZ$2<=DA32,"OK","") -> OK | DF32: =DC32&DD32&DE32 -> OK | DG32: =IF(DF32="OKOKOK",DB32,0) -> 0 | DI32: TER A: TK/0 TK/1 K/0 | DJ32: 51400001 | DK32: s.d. | DL32: 56300000 | DM32: 0.19 | DN32: =IF(DI32=DJ$2,"OK","") -> OK | DO32: =IF(DK$2>=DJ32,"OK","") -> OK | DP32: =IF(DK$2<=DL32,"OK","") -> OK | DQ32: =DN32&DO32&DP32 -> OKOKOK | DR32: =IF(DQ32="OKOKOK",DM32,0) -> 0.19
N33: TER A: TK/0 TK/1 K/0 | O33: 56300001 | P33: s.d. | Q33: 62200000 | R33: 0.2 | S33: =IF(N33=O$2,"OK","") -> OK | T33: =IF(P$2>=O33,"OK","") | U33: =IF(P$2<=Q33,"OK","") -> OK | V33: =S33&T33&U33 -> OKOK | W33: =IF(V33="OKOKOK",R33,0) -> 0 | Y33: TER A: TK/0 TK/1 K/0 | Z33: 56300001 | AA33: s.d. | AB33: 62200000 | AC33: 0.2 | AD33: =IF(Y33=Z$2,"OK","") | AE33: =IF(AA$2>=Z33,"OK","") | AF33: =IF(AA$2<=AB33,"OK","") -> OK | AG33: =AD33&AE33&AF33 -> OK | AH33: =IF(AG33="OKOKOK",AC33,0) -> 0 | AJ33: TER A: TK/0 TK/1 K/0 | AK33: 56300001 | AL33: s.d. | AM33: 62200000 | AN33: 0.2 | AO33: =IF(AJ33=AK$2,"OK","") | AP33: =IF(AL$2>=AK33,"OK","") | AQ33: =IF(AL$2<=AM33,"OK","") -> OK | AR33: =AO33&AP33&AQ33 -> OK | AS33: =IF(AR33="OKOKOK",AN33,0) -> 0 | AU33: TER A: TK/0 TK/1 K/0 | AV33: 56300001 | AW33: s.d. | AX33: 62200000 | AY33: 0.2 | AZ33: =IF(AU33=AV$2,"OK","") -> OK | BA33: =IF(AW$2>=AV33,"OK","") | BB33: =IF(AW$2<=AX33,"OK","") -> OK | BC33: =AZ33&BA33&BB33 -> OKOK | BD33: =IF(BC33="OKOKOK",AY33,0) -> 0 | BF33: TER A: TK/0 TK/1 K/0 | BG33: 56300001 | BH33: s.d. | BI33: 62200000 | BJ33: 0.2 | BK33: =IF(BF33=BG$2,"OK","") | BL33: =IF(BH$2>=BG33,"OK","") | BM33: =IF(BH$2<=BI33,"OK","") -> OK | BN33: =BK33&BL33&BM33 -> OK | BO33: =IF(BN33="OKOKOK",BJ33,0) -> 0 | BQ33: TER A: TK/0 TK/1 K/0 | BR33: 56300001 | BS33: s.d. | BT33: 62200000 | BU33: 0.2 | BV33: =IF(BQ33=BR$2,"OK","") | BW33: =IF(BS$2>=BR33,"OK","") | BX33: =IF(BS$2<=BT33,"OK","") -> OK | BY33: =BV33&BW33&BX33 -> OK | BZ33: =IF(BY33="OKOKOK",BU33,0) -> 0 | CB33: TER A: TK/0 TK/1 K/0 | CC33: 56300001 | CD33: s.d. | CE33: 62200000 | CF33: 0.2 | CG33: =IF(CB33=CC$2,"OK","") -> OK | CH33: =IF(CD$2>=CC33,"OK","") | CI33: =IF(CD$2<=CE33,"OK","") -> OK | CJ33: =CG33&CH33&CI33 -> OKOK | CK33: =IF(CJ33="OKOKOK",CF33,0) -> 0 | CM33: TER A: TK/0 TK/1 K/0 | CN33: 56300001 | CO33: s.d. | CP33: 62200000 | CQ33: 0.2 | CR33: =IF(CM33=CN$2,"OK","") | CS33: =IF(CO$2>=CN33,"OK","") | CT33: =IF(CO$2<=CP33,"OK","") -> OK | CU33: =CR33&CS33&CT33 -> OK | CV33: =IF(CU33="OKOKOK",CQ33,0) -> 0 | CX33: TER A: TK/0 TK/1 K/0 | CY33: 56300001 | CZ33: s.d. | DA33: 62200000 | DB33: 0.2 | DC33: =IF(CX33=CY$2,"OK","") | DD33: =IF(CZ$2>=CY33,"OK","") | DE33: =IF(CZ$2<=DA33,"OK","") -> OK | DF33: =DC33&DD33&DE33 -> OK | DG33: =IF(DF33="OKOKOK",DB33,0) -> 0 | DI33: TER A: TK/0 TK/1 K/0 | DJ33: 56300001 | DK33: s.d. | DL33: 62200000 | DM33: 0.2 | DN33: =IF(DI33=DJ$2,"OK","") -> OK | DO33: =IF(DK$2>=DJ33,"OK","") | DP33: =IF(DK$2<=DL33,"OK","") -> OK | DQ33: =DN33&DO33&DP33 -> OKOK | DR33: =IF(DQ33="OKOKOK",DM33,0) -> 0
N34: TER A: TK/0 TK/1 K/0 | O34: 62200001 | P34: s.d. | Q34: 68600000 | R34: 0.21 | S34: =IF(N34=O$2,"OK","") -> OK | T34: =IF(P$2>=O34,"OK","") | U34: =IF(P$2<=Q34,"OK","") -> OK | V34: =S34&T34&U34 -> OKOK | W34: =IF(V34="OKOKOK",R34,0) -> 0 | Y34: TER A: TK/0 TK/1 K/0 | Z34: 62200001 | AA34: s.d. | AB34: 68600000 | AC34: 0.21 | AD34: =IF(Y34=Z$2,"OK","") | AE34: =IF(AA$2>=Z34,"OK","") | AF34: =IF(AA$2<=AB34,"OK","") -> OK | AG34: =AD34&AE34&AF34 -> OK | AH34: =IF(AG34="OKOKOK",AC34,0) -> 0 | AJ34: TER A: TK/0 TK/1 K/0 | AK34: 62200001 | AL34: s.d. | AM34: 68600000 | AN34: 0.21 | AO34: =IF(AJ34=AK$2,"OK","") | AP34: =IF(AL$2>=AK34,"OK","") | AQ34: =IF(AL$2<=AM34,"OK","") -> OK | AR34: =AO34&AP34&AQ34 -> OK | AS34: =IF(AR34="OKOKOK",AN34,0) -> 0 | AU34: TER A: TK/0 TK/1 K/0 | AV34: 62200001 | AW34: s.d. | AX34: 68600000 | AY34: 0.21 | AZ34: =IF(AU34=AV$2,"OK","") -> OK | BA34: =IF(AW$2>=AV34,"OK","") | BB34: =IF(AW$2<=AX34,"OK","") -> OK | BC34: =AZ34&BA34&BB34 -> OKOK | BD34: =IF(BC34="OKOKOK",AY34,0) -> 0 | BF34: TER A: TK/0 TK/1 K/0 | BG34: 62200001 | BH34: s.d. | BI34: 68600000 | BJ34: 0.21 | BK34: =IF(BF34=BG$2,"OK","") | BL34: =IF(BH$2>=BG34,"OK","") | BM34: =IF(BH$2<=BI34,"OK","") -> OK | BN34: =BK34&BL34&BM34 -> OK | BO34: =IF(BN34="OKOKOK",BJ34,0) -> 0 | BQ34: TER A: TK/0 TK/1 K/0 | BR34: 62200001 | BS34: s.d. | BT34: 68600000 | BU34: 0.21 | BV34: =IF(BQ34=BR$2,"OK","") | BW34: =IF(BS$2>=BR34,"OK","") | BX34: =IF(BS$2<=BT34,"OK","") -> OK | BY34: =BV34&BW34&BX34 -> OK | BZ34: =IF(BY34="OKOKOK",BU34,0) -> 0 | CB34: TER A: TK/0 TK/1 K/0 | CC34: 62200001 | CD34: s.d. | CE34: 68600000 | CF34: 0.21 | CG34: =IF(CB34=CC$2,"OK","") -> OK | CH34: =IF(CD$2>=CC34,"OK","") | CI34: =IF(CD$2<=CE34,"OK","") -> OK | CJ34: =CG34&CH34&CI34 -> OKOK | CK34: =IF(CJ34="OKOKOK",CF34,0) -> 0 | CM34: TER A: TK/0 TK/1 K/0 | CN34: 62200001 | CO34: s.d. | CP34: 68600000 | CQ34: 0.21 | CR34: =IF(CM34=CN$2,"OK","") | CS34: =IF(CO$2>=CN34,"OK","") | CT34: =IF(CO$2<=CP34,"OK","") -> OK | CU34: =CR34&CS34&CT34 -> OK | CV34: =IF(CU34="OKOKOK",CQ34,0) -> 0 | CX34: TER A: TK/0 TK/1 K/0 | CY34: 62200001 | CZ34: s.d. | DA34: 68600000 | DB34: 0.21 | DC34: =IF(CX34=CY$2,"OK","") | DD34: =IF(CZ$2>=CY34,"OK","") | DE34: =IF(CZ$2<=DA34,"OK","") -> OK | DF34: =DC34&DD34&DE34 -> OK | DG34: =IF(DF34="OKOKOK",DB34,0) -> 0 | DI34: TER A: TK/0 TK/1 K/0 | DJ34: 62200001 | DK34: s.d. | DL34: 68600000 | DM34: 0.21 | DN34: =IF(DI34=DJ$2,"OK","") -> OK | DO34: =IF(DK$2>=DJ34,"OK","") | DP34: =IF(DK$2<=DL34,"OK","") -> OK | DQ34: =DN34&DO34&DP34 -> OKOK | DR34: =IF(DQ34="OKOKOK",DM34,0) -> 0
N35: TER A: TK/0 TK/1 K/0 | O35: 68600001 | P35: s.d. | Q35: 77500000 | R35: 0.22 | S35: =IF(N35=O$2,"OK","") -> OK | T35: =IF(P$2>=O35,"OK","") | U35: =IF(P$2<=Q35,"OK","") -> OK | V35: =S35&T35&U35 -> OKOK | W35: =IF(V35="OKOKOK",R35,0) -> 0 | Y35: TER A: TK/0 TK/1 K/0 | Z35: 68600001 | AA35: s.d. | AB35: 77500000 | AC35: 0.22 | AD35: =IF(Y35=Z$2,"OK","") | AE35: =IF(AA$2>=Z35,"OK","") | AF35: =IF(AA$2<=AB35,"OK","") -> OK | AG35: =AD35&AE35&AF35 -> OK | AH35: =IF(AG35="OKOKOK",AC35,0) -> 0 | AJ35: TER A: TK/0 TK/1 K/0 | AK35: 68600001 | AL35: s.d. | AM35: 77500000 | AN35: 0.22 | AO35: =IF(AJ35=AK$2,"OK","") | AP35: =IF(AL$2>=AK35,"OK","") | AQ35: =IF(AL$2<=AM35,"OK","") -> OK | AR35: =AO35&AP35&AQ35 -> OK | AS35: =IF(AR35="OKOKOK",AN35,0) -> 0 | AU35: TER A: TK/0 TK/1 K/0 | AV35: 68600001 | AW35: s.d. | AX35: 77500000 | AY35: 0.22 | AZ35: =IF(AU35=AV$2,"OK","") -> OK | BA35: =IF(AW$2>=AV35,"OK","") | BB35: =IF(AW$2<=AX35,"OK","") -> OK | BC35: =AZ35&BA35&BB35 -> OKOK | BD35: =IF(BC35="OKOKOK",AY35,0) -> 0 | BF35: TER A: TK/0 TK/1 K/0 | BG35: 68600001 | BH35: s.d. | BI35: 77500000 | BJ35: 0.22 | BK35: =IF(BF35=BG$2,"OK","") | BL35: =IF(BH$2>=BG35,"OK","") | BM35: =IF(BH$2<=BI35,"OK","") -> OK | BN35: =BK35&BL35&BM35 -> OK | BO35: =IF(BN35="OKOKOK",BJ35,0) -> 0 | BQ35: TER A: TK/0 TK/1 K/0 | BR35: 68600001 | BS35: s.d. | BT35: 77500000 | BU35: 0.22 | BV35: =IF(BQ35=BR$2,"OK","") | BW35: =IF(BS$2>=BR35,"OK","") | BX35: =IF(BS$2<=BT35,"OK","") -> OK | BY35: =BV35&BW35&BX35 -> OK | BZ35: =IF(BY35="OKOKOK",BU35,0) -> 0 | CB35: TER A: TK/0 TK/1 K/0 | CC35: 68600001 | CD35: s.d. | CE35: 77500000 | CF35: 0.22 | CG35: =IF(CB35=CC$2,"OK","") -> OK | CH35: =IF(CD$2>=CC35,"OK","") | CI35: =IF(CD$2<=CE35,"OK","") -> OK | CJ35: =CG35&CH35&CI35 -> OKOK | CK35: =IF(CJ35="OKOKOK",CF35,0) -> 0 | CM35: TER A: TK/0 TK/1 K/0 | CN35: 68600001 | CO35: s.d. | CP35: 77500000 | CQ35: 0.22 | CR35: =IF(CM35=CN$2,"OK","") | CS35: =IF(CO$2>=CN35,"OK","") | CT35: =IF(CO$2<=CP35,"OK","") -> OK | CU35: =CR35&CS35&CT35 -> OK | CV35: =IF(CU35="OKOKOK",CQ35,0) -> 0 | CX35: TER A: TK/0 TK/1 K/0 | CY35: 68600001 | CZ35: s.d. | DA35: 77500000 | DB35: 0.22 | DC35: =IF(CX35=CY$2,"OK","") | DD35: =IF(CZ$2>=CY35,"OK","") | DE35: =IF(CZ$2<=DA35,"OK","") -> OK | DF35: =DC35&DD35&DE35 -> OK | DG35: =IF(DF35="OKOKOK",DB35,0) -> 0 | DI35: TER A: TK/0 TK/1 K/0 | DJ35: 68600001 | DK35: s.d. | DL35: 77500000 | DM35: 0.22 | DN35: =IF(DI35=DJ$2,"OK","") -> OK | DO35: =IF(DK$2>=DJ35,"OK","") | DP35: =IF(DK$2<=DL35,"OK","") -> OK | DQ35: =DN35&DO35&DP35 -> OKOK | DR35: =IF(DQ35="OKOKOK",DM35,0) -> 0
N36: TER A: TK/0 TK/1 K/0 | O36: 77500001 | P36: s.d. | Q36: 89000000 | R36: 0.23 | S36: =IF(N36=O$2,"OK","") -> OK | T36: =IF(P$2>=O36,"OK","") | U36: =IF(P$2<=Q36,"OK","") -> OK | V36: =S36&T36&U36 -> OKOK | W36: =IF(V36="OKOKOK",R36,0) -> 0 | Y36: TER A: TK/0 TK/1 K/0 | Z36: 77500001 | AA36: s.d. | AB36: 89000000 | AC36: 0.23 | AD36: =IF(Y36=Z$2,"OK","") | AE36: =IF(AA$2>=Z36,"OK","") | AF36: =IF(AA$2<=AB36,"OK","") -> OK | AG36: =AD36&AE36&AF36 -> OK | AH36: =IF(AG36="OKOKOK",AC36,0) -> 0 | AJ36: TER A: TK/0 TK/1 K/0 | AK36: 77500001 | AL36: s.d. | AM36: 89000000 | AN36: 0.23 | AO36: =IF(AJ36=AK$2,"OK","") | AP36: =IF(AL$2>=AK36,"OK","") | AQ36: =IF(AL$2<=AM36,"OK","") -> OK | AR36: =AO36&AP36&AQ36 -> OK | AS36: =IF(AR36="OKOKOK",AN36,0) -> 0 | AU36: TER A: TK/0 TK/1 K/0 | AV36: 77500001 | AW36: s.d. | AX36: 89000000 | AY36: 0.23 | AZ36: =IF(AU36=AV$2,"OK","") -> OK | BA36: =IF(AW$2>=AV36,"OK","") | BB36: =IF(AW$2<=AX36,"OK","") -> OK | BC36: =AZ36&BA36&BB36 -> OKOK | BD36: =IF(BC36="OKOKOK",AY36,0) -> 0 | BF36: TER A: TK/0 TK/1 K/0 | BG36: 77500001 | BH36: s.d. | BI36: 89000000 | BJ36: 0.23 | BK36: =IF(BF36=BG$2,"OK","") | BL36: =IF(BH$2>=BG36,"OK","") | BM36: =IF(BH$2<=BI36,"OK","") -> OK | BN36: =BK36&BL36&BM36 -> OK | BO36: =IF(BN36="OKOKOK",BJ36,0) -> 0 | BQ36: TER A: TK/0 TK/1 K/0 | BR36: 77500001 | BS36: s.d. | BT36: 89000000 | BU36: 0.23 | BV36: =IF(BQ36=BR$2,"OK","") | BW36: =IF(BS$2>=BR36,"OK","") | BX36: =IF(BS$2<=BT36,"OK","") -> OK | BY36: =BV36&BW36&BX36 -> OK | BZ36: =IF(BY36="OKOKOK",BU36,0) -> 0 | CB36: TER A: TK/0 TK/1 K/0 | CC36: 77500001 | CD36: s.d. | CE36: 89000000 | CF36: 0.23 | CG36: =IF(CB36=CC$2,"OK","") -> OK | CH36: =IF(CD$2>=CC36,"OK","") | CI36: =IF(CD$2<=CE36,"OK","") -> OK | CJ36: =CG36&CH36&CI36 -> OKOK | CK36: =IF(CJ36="OKOKOK",CF36,0) -> 0 | CM36: TER A: TK/0 TK/1 K/0 | CN36: 77500001 | CO36: s.d. | CP36: 89000000 | CQ36: 0.23 | CR36: =IF(CM36=CN$2,"OK","") | CS36: =IF(CO$2>=CN36,"OK","") | CT36: =IF(CO$2<=CP36,"OK","") -> OK | CU36: =CR36&CS36&CT36 -> OK | CV36: =IF(CU36="OKOKOK",CQ36,0) -> 0 | CX36: TER A: TK/0 TK/1 K/0 | CY36: 77500001 | CZ36: s.d. | DA36: 89000000 | DB36: 0.23 | DC36: =IF(CX36=CY$2,"OK","") | DD36: =IF(CZ$2>=CY36,"OK","") | DE36: =IF(CZ$2<=DA36,"OK","") -> OK | DF36: =DC36&DD36&DE36 -> OK | DG36: =IF(DF36="OKOKOK",DB36,0) -> 0 | DI36: TER A: TK/0 TK/1 K/0 | DJ36: 77500001 | DK36: s.d. | DL36: 89000000 | DM36: 0.23 | DN36: =IF(DI36=DJ$2,"OK","") -> OK | DO36: =IF(DK$2>=DJ36,"OK","") | DP36: =IF(DK$2<=DL36,"OK","") -> OK | DQ36: =DN36&DO36&DP36 -> OKOK | DR36: =IF(DQ36="OKOKOK",DM36,0) -> 0
... N46: TER A: TK/0 TK/1 K/0 | O46: 910000001 | P46: s.d. | Q46: 1400000000 | R46: 0.33 | S46: =IF(N46=O$2,"OK","") -> OK | T46: =IF(P$2>=O46,"OK","") | U46: =IF(P$2<=Q46,"OK","") -> OK | V46: =S46&T46&U46 -> OKOK | W46: =IF(V46="OKOKOK",R46,0) -> 0 | Y46: TER A: TK/0 TK/1 K/0 | Z46: 910000001 | AA46: s.d. | AB46: 1400000000 | AC46: 0.33 | AD46: =IF(Y46=Z$2,"OK","") | AE46: =IF(AA$2>=Z46,"OK","") | AF46: =IF(AA$2<=AB46,"OK","") -> OK | AG46: =AD46&AE46&AF46 -> OK | AH46: =IF(AG46="OKOKOK",AC46,0) -> 0 | AJ46: TER A: TK/0 TK/1 K/0 | AK46: 910000001 | AL46: s.d. | AM46: 1400000000 | AN46: 0.33 | AO46: =IF(AJ46=AK$2,"OK","") | AP46: =IF(AL$2>=AK46,"OK","") | AQ46: =IF(AL$2<=AM46,"OK","") -> OK | AR46: =AO46&AP46&AQ46 -> OK | AS46: =IF(AR46="OKOKOK",AN46,0) -> 0 | AU46: TER A: TK/0 TK/1 K/0 | AV46: 910000001 | AW46: s.d. | AX46: 1400000000 | AY46: 0.33 | AZ46: =IF(AU46=AV$2,"OK","") -> OK | BA46: =IF(AW$2>=AV46,"OK","") | BB46: =IF(AW$2<=AX46,"OK","") -> OK | BC46: =AZ46&BA46&BB46 -> OKOK | BD46: =IF(BC46="OKOKOK",AY46,0) -> 0 | BF46: TER A: TK/0 TK/1 K/0 | BG46: 910000001 | BH46: s.d. | BI46: 1400000000 | BJ46: 0.33 | BK46: =IF(BF46=BG$2,"OK","") | BL46: =IF(BH$2>=BG46,"OK","") | BM46: =IF(BH$2<=BI46,"OK","") -> OK | BN46: =BK46&BL46&BM46 -> OK | BO46: =IF(BN46="OKOKOK",BJ46,0) -> 0 | BQ46: TER A: TK/0 TK/1 K/0 | BR46: 910000001 | BS46: s.d. | BT46: 1400000000 | BU46: 0.33 | BV46: =IF(BQ46=BR$2,"OK","") | BW46: =IF(BS$2>=BR46,"OK","") | BX46: =IF(BS$2<=BT46,"OK","") -> OK | BY46: =BV46&BW46&BX46 -> OK | BZ46: =IF(BY46="OKOKOK",BU46,0) -> 0 | CB46: TER A: TK/0 TK/1 K/0 | CC46: 910000001 | CD46: s.d. | CE46: 1400000000 | CF46: 0.33 | CG46: =IF(CB46=CC$2,"OK","") -> OK | CH46: =IF(CD$2>=CC46,"OK","") | CI46: =IF(CD$2<=CE46,"OK","") -> OK | CJ46: =CG46&CH46&CI46 -> OKOK | CK46: =IF(CJ46="OKOKOK",CF46,0) -> 0 | CM46: TER A: TK/0 TK/1 K/0 | CN46: 910000001 | CO46: s.d. | CP46: 1400000000 | CQ46: 0.33 | CR46: =IF(CM46=CN$2,"OK","") | CS46: =IF(CO$2>=CN46,"OK","") | CT46: =IF(CO$2<=CP46,"OK","") -> OK | CU46: =CR46&CS46&CT46 -> OK | CV46: =IF(CU46="OKOKOK",CQ46,0) -> 0 | CX46: TER A: TK/0 TK/1 K/0 | CY46: 910000001 | CZ46: s.d. | DA46: 1400000000 | DB46: 0.33 | DC46: =IF(CX46=CY$2,"OK","") | DD46: =IF(CZ$2>=CY46,"OK","") | DE46: =IF(CZ$2<=DA46,"OK","") -> OK | DF46: =DC46&DD46&DE46 -> OK | DG46: =IF(DF46="OKOKOK",DB46,0) -> 0 | DI46: TER A: TK/0 TK/1 K/0 | DJ46: 910000001 | DK46: s.d. | DL46: 1400000000 | DM46: 0.33 | DN46: =IF(DI46=DJ$2,"OK","") -> OK | DO46: =IF(DK$2>=DJ46,"OK","") | DP46: =IF(DK$2<=DL46,"OK","") -> OK | DQ46: =DN46&DO46&DP46 -> OKOK | DR46: =IF(DQ46="OKOKOK",DM46,0) -> 0
N47: TER A: TK/0 TK/1 K/0 | O47: =1400000001 -> 1400000001 | P47: s.d. | Q47: 140000000000 | R47: 0.34 | S47: =IF(N47=O$2,"OK","") -> OK | T47: =IF(P$2>=O47,"OK","") | U47: =IF(P$2<=Q47,"OK","") -> OK | V47: =S47&T47&U47 -> OKOK | W47: =IF(V47="OKOKOK",R47,0) -> 0 | Y47: TER A: TK/0 TK/1 K/0 | Z47: =1400000001 -> 1400000001 | AA47: s.d. | AB47: 140000000000 | AC47: 0.34 | AD47: =IF(Y47=Z$2,"OK","") | AE47: =IF(AA$2>=Z47,"OK","") | AF47: =IF(AA$2<=AB47,"OK","") -> OK | AG47: =AD47&AE47&AF47 -> OK | AH47: =IF(AG47="OKOKOK",AC47,0) -> 0 | AJ47: TER A: TK/0 TK/1 K/0 | AK47: =1400000001 -> 1400000001 | AL47: s.d. | AM47: 140000000000 | AN47: 0.34 | AO47: =IF(AJ47=AK$2,"OK","") | AP47: =IF(AL$2>=AK47,"OK","") | AQ47: =IF(AL$2<=AM47,"OK","") -> OK | AR47: =AO47&AP47&AQ47 -> OK | AS47: =IF(AR47="OKOKOK",AN47,0) -> 0 | AU47: TER A: TK/0 TK/1 K/0 | AV47: =1400000001 -> 1400000001 | AW47: s.d. | AX47: 140000000000 | AY47: 0.34 | AZ47: =IF(AU47=AV$2,"OK","") -> OK | BA47: =IF(AW$2>=AV47,"OK","") | BB47: =IF(AW$2<=AX47,"OK","") -> OK | BC47: =AZ47&BA47&BB47 -> OKOK | BD47: =IF(BC47="OKOKOK",AY47,0) -> 0 | BF47: TER A: TK/0 TK/1 K/0 | BG47: =1400000001 -> 1400000001 | BH47: s.d. | BI47: 140000000000 | BJ47: 0.34 | BK47: =IF(BF47=BG$2,"OK","") | BL47: =IF(BH$2>=BG47,"OK","") | BM47: =IF(BH$2<=BI47,"OK","") -> OK | BN47: =BK47&BL47&BM47 -> OK | BO47: =IF(BN47="OKOKOK",BJ47,0) -> 0 | BQ47: TER A: TK/0 TK/1 K/0 | BR47: =1400000001 -> 1400000001 | BS47: s.d. | BT47: 140000000000 | BU47: 0.34 | BV47: =IF(BQ47=BR$2,"OK","") | BW47: =IF(BS$2>=BR47,"OK","") | BX47: =IF(BS$2<=BT47,"OK","") -> OK | BY47: =BV47&BW47&BX47 -> OK | BZ47: =IF(BY47="OKOKOK",BU47,0) -> 0 | CB47: TER A: TK/0 TK/1 K/0 | CC47: =1400000001 -> 1400000001 | CD47: s.d. | CE47: 140000000000 | CF47: 0.34 | CG47: =IF(CB47=CC$2,"OK","") -> OK | CH47: =IF(CD$2>=CC47,"OK","") | CI47: =IF(CD$2<=CE47,"OK","") -> OK | CJ47: =CG47&CH47&CI47 -> OKOK | CK47: =IF(CJ47="OKOKOK",CF47,0) -> 0 | CM47: TER A: TK/0 TK/1 K/0 | CN47: =1400000001 -> 1400000001 | CO47: s.d. | CP47: 140000000000 | CQ47: 0.34 | CR47: =IF(CM47=CN$2,"OK","") | CS47: =IF(CO$2>=CN47,"OK","") | CT47: =IF(CO$2<=CP47,"OK","") -> OK | CU47: =CR47&CS47&CT47 -> OK | CV47: =IF(CU47="OKOKOK",CQ47,0) -> 0 | CX47: TER A: TK/0 TK/1 K/0 | CY47: =1400000001 -> 1400000001 | CZ47: s.d. | DA47: 140000000000 | DB47: 0.34 | DC47: =IF(CX47=CY$2,"OK","") | DD47: =IF(CZ$2>=CY47,"OK","") | DE47: =IF(CZ$2<=DA47,"OK","") -> OK | DF47: =DC47&DD47&DE47 -> OK | DG47: =IF(DF47="OKOKOK",DB47,0) -> 0 | DI47: TER A: TK/0 TK/1 K/0 | DJ47: =1400000001 -> 1400000001 | DK47: s.d. | DL47: 140000000000 | DM47: 0.34 | DN47: =IF(DI47=DJ$2,"OK","") -> OK | DO47: =IF(DK$2>=DJ47,"OK","") | DP47: =IF(DK$2<=DL47,"OK","") -> OK | DQ47: =DN47&DO47&DP47 -> OKOK | DR47: =IF(DQ47="OKOKOK",DM47,0) -> 0
N48: a | S48: =IF(N48=O$2,"OK","") | T48: =IF(P$2>=O48,"OK","") -> OK | U48: =IF(P$2<=Q48,"OK","") | V48: =S48&T48&U48 -> OK | W48: =IF(V48="OKOKOK",R48,0) -> 0 | Y48: a | AD48: =IF(Y48=Z$2,"OK","") | AE48: =IF(AA$2>=Z48,"OK","") -> OK | AF48: =IF(AA$2<=AB48,"OK","") | AG48: =AD48&AE48&AF48 -> OK | AH48: =IF(AG48="OKOKOK",AC48,0) -> 0 | AJ48: a | AO48: =IF(AJ48=AK$2,"OK","") | AP48: =IF(AL$2>=AK48,"OK","") -> OK | AQ48: =IF(AL$2<=AM48,"OK","") | AR48: =AO48&AP48&AQ48 -> OK | AS48: =IF(AR48="OKOKOK",AN48,0) -> 0 | AU48: a | AZ48: =IF(AU48=AV$2,"OK","") | BA48: =IF(AW$2>=AV48,"OK","") -> OK | BB48: =IF(AW$2<=AX48,"OK","") | BC48: =AZ48&BA48&BB48 -> OK | BD48: =IF(BC48="OKOKOK",AY48,0) -> 0 | BF48: a | BK48: =IF(BF48=BG$2,"OK","") | BL48: =IF(BH$2>=BG48,"OK","") -> OK | BM48: =IF(BH$2<=BI48,"OK","") | BN48: =BK48&BL48&BM48 -> OK | BO48: =IF(BN48="OKOKOK",BJ48,0) -> 0 | BQ48: a | BV48: =IF(BQ48=BR$2,"OK","") | BW48: =IF(BS$2>=BR48,"OK","") -> OK | BX48: =IF(BS$2<=BT48,"OK","") | BY48: =BV48&BW48&BX48 -> OK | BZ48: =IF(BY48="OKOKOK",BU48,0) -> 0 | CB48: a | CG48: =IF(CB48=CC$2,"OK","") | CH48: =IF(CD$2>=CC48,"OK","") -> OK | CI48: =IF(CD$2<=CE48,"OK","") | CJ48: =CG48&CH48&CI48 -> OK | CK48: =IF(CJ48="OKOKOK",CF48,0) -> 0 | CM48: a | CR48: =IF(CM48=CN$2,"OK","") | CS48: =IF(CO$2>=CN48,"OK","") -> OK | CT48: =IF(CO$2<=CP48,"OK","") | CU48: =CR48&CS48&CT48 -> OK | CV48: =IF(CU48="OKOKOK",CQ48,0) -> 0 | CX48: a | DC48: =IF(CX48=CY$2,"OK","") | DD48: =IF(CZ$2>=CY48,"OK","") -> OK | DE48: =IF(CZ$2<=DA48,"OK","") | DF48: =DC48&DD48&DE48 -> OK | DG48: =IF(DF48="OKOKOK",DB48,0) -> 0 | DI48: a | DN48: =IF(DI48=DJ$2,"OK","") | DO48: =IF(DK$2>=DJ48,"OK","") -> OK | DP48: =IF(DK$2<=DL48,"OK","") | DQ48: =DN48&DO48&DP48 -> OK | DR48: =IF(DQ48="OKOKOK",DM48,0) -> 0
N49: TER B: TK/2 TK/3 K/1 K/2 | O49: 0 | P49: s.d. | Q49: 6200000 | R49: 0 | S49: =IF(N49=O$2,"OK","") | T49: =IF(P$2>=O49,"OK","") -> OK | U49: =IF(P$2<=Q49,"OK","") | V49: =S49&T49&U49 -> OK | W49: =IF(V49="OKOKOK",R49,0) -> 0 | Y49: TER B: TK/2 TK/3 K/1 K/2 | Z49: 0 | AA49: s.d. | AB49: 6200000 | AC49: 0 | AD49: =IF(Y49=Z$2,"OK","") -> OK | AE49: =IF(AA$2>=Z49,"OK","") -> OK | AF49: =IF(AA$2<=AB49,"OK","") | AG49: =AD49&AE49&AF49 -> OKOK | AH49: =IF(AG49="OKOKOK",AC49,0) -> 0 | AJ49: TER B: TK/2 TK/3 K/1 K/2 | AK49: 0 | AL49: s.d. | AM49: 6200000 | AN49: 0 | AO49: =IF(AJ49=AK$2,"OK","") | AP49: =IF(AL$2>=AK49,"OK","") -> OK | AQ49: =IF(AL$2<=AM49,"OK","") | AR49: =AO49&AP49&AQ49 -> OK | AS49: =IF(AR49="OKOKOK",AN49,0) -> 0 | AU49: TER B: TK/2 TK/3 K/1 K/2 | AV49: 0 | AW49: s.d. | AX49: 6200000 | AY49: 0 | AZ49: =IF(AU49=AV$2,"OK","") | BA49: =IF(AW$2>=AV49,"OK","") -> OK | BB49: =IF(AW$2<=AX49,"OK","") | BC49: =AZ49&BA49&BB49 -> OK | BD49: =IF(BC49="OKOKOK",AY49,0) -> 0 | BF49: TER B: TK/2 TK/3 K/1 K/2 | BG49: 0 | BH49: s.d. | BI49: 6200000 | BJ49: 0 | BK49: =IF(BF49=BG$2,"OK","") -> OK | BL49: =IF(BH$2>=BG49,"OK","") -> OK | BM49: =IF(BH$2<=BI49,"OK","") | BN49: =BK49&BL49&BM49 -> OKOK | BO49: =IF(BN49="OKOKOK",BJ49,0) -> 0 | BQ49: TER B: TK/2 TK/3 K/1 K/2 | BR49: 0 | BS49: s.d. | BT49: 6200000 | BU49: 0 | BV49: =IF(BQ49=BR$2,"OK","") | BW49: =IF(BS$2>=BR49,"OK","") -> OK | BX49: =IF(BS$2<=BT49,"OK","") | BY49: =BV49&BW49&BX49 -> OK | BZ49: =IF(BY49="OKOKOK",BU49,0) -> 0 | CB49: TER B: TK/2 TK/3 K/1 K/2 | CC49: 0 | CD49: s.d. | CE49: 6200000 | CF49: 0 | CG49: =IF(CB49=CC$2,"OK","") | CH49: =IF(CD$2>=CC49,"OK","") -> OK | CI49: =IF(CD$2<=CE49,"OK","") | CJ49: =CG49&CH49&CI49 -> OK | CK49: =IF(CJ49="OKOKOK",CF49,0) -> 0 | CM49: TER B: TK/2 TK/3 K/1 K/2 | CN49: 0 | CO49: s.d. | CP49: 6200000 | CQ49: 0 | CR49: =IF(CM49=CN$2,"OK","") -> OK | CS49: =IF(CO$2>=CN49,"OK","") -> OK | CT49: =IF(CO$2<=CP49,"OK","") | CU49: =CR49&CS49&CT49 -> OKOK | CV49: =IF(CU49="OKOKOK",CQ49,0) -> 0 | CX49: TER B: TK/2 TK/3 K/1 K/2 | CY49: 0 | CZ49: s.d. | DA49: 6200000 | DB49: 0 | DC49: =IF(CX49=CY$2,"OK","") | DD49: =IF(CZ$2>=CY49,"OK","") -> OK | DE49: =IF(CZ$2<=DA49,"OK","") | DF49: =DC49&DD49&DE49 -> OK | DG49: =IF(DF49="OKOKOK",DB49,0) -> 0 | DI49: TER B: TK/2 TK/3 K/1 K/2 | DJ49: 0 | DK49: s.d. | DL49: 6200000 | DM49: 0 | DN49: =IF(DI49=DJ$2,"OK","") | DO49: =IF(DK$2>=DJ49,"OK","") -> OK | DP49: =IF(DK$2<=DL49,"OK","") | DQ49: =DN49&DO49&DP49 -> OK | DR49: =IF(DQ49="OKOKOK",DM49,0) -> 0
N50: TER B: TK/2 TK/3 K/1 K/2 | O50: 6200001 | P50: s.d. | Q50: 6500000 | R50: 0.0025 | S50: =IF(N50=O$2,"OK","") | T50: =IF(P$2>=O50,"OK","") -> OK | U50: =IF(P$2<=Q50,"OK","") | V50: =S50&T50&U50 -> OK | W50: =IF(V50="OKOKOK",R50,0) -> 0 | Y50: TER B: TK/2 TK/3 K/1 K/2 | Z50: 6200001 | AA50: s.d. | AB50: 6500000 | AC50: 0.0025 | AD50: =IF(Y50=Z$2,"OK","") -> OK | AE50: =IF(AA$2>=Z50,"OK","") -> OK | AF50: =IF(AA$2<=AB50,"OK","") | AG50: =AD50&AE50&AF50 -> OKOK | AH50: =IF(AG50="OKOKOK",AC50,0) -> 0 | AJ50: TER B: TK/2 TK/3 K/1 K/2 | AK50: 6200001 | AL50: s.d. | AM50: 6500000 | AN50: 0.0025 | AO50: =IF(AJ50=AK$2,"OK","") | AP50: =IF(AL$2>=AK50,"OK","") -> OK | AQ50: =IF(AL$2<=AM50,"OK","") | AR50: =AO50&AP50&AQ50 -> OK | AS50: =IF(AR50="OKOKOK",AN50,0) -> 0 | AU50: TER B: TK/2 TK/3 K/1 K/2 | AV50: 6200001 | AW50: s.d. | AX50: 6500000 | AY50: 0.0025 | AZ50: =IF(AU50=AV$2,"OK","") | BA50: =IF(AW$2>=AV50,"OK","") -> OK | BB50: =IF(AW$2<=AX50,"OK","") | BC50: =AZ50&BA50&BB50 -> OK | BD50: =IF(BC50="OKOKOK",AY50,0) -> 0 | BF50: TER B: TK/2 TK/3 K/1 K/2 | BG50: 6200001 | BH50: s.d. | BI50: 6500000 | BJ50: 0.0025 | BK50: =IF(BF50=BG$2,"OK","") -> OK | BL50: =IF(BH$2>=BG50,"OK","") -> OK | BM50: =IF(BH$2<=BI50,"OK","") | BN50: =BK50&BL50&BM50 -> OKOK | BO50: =IF(BN50="OKOKOK",BJ50,0) -> 0 | BQ50: TER B: TK/2 TK/3 K/1 K/2 | BR50: 6200001 | BS50: s.d. | BT50: 6500000 | BU50: 0.0025 | BV50: =IF(BQ50=BR$2,"OK","") | BW50: =IF(BS$2>=BR50,"OK","") -> OK | BX50: =IF(BS$2<=BT50,"OK","") | BY50: =BV50&BW50&BX50 -> OK | BZ50: =IF(BY50="OKOKOK",BU50,0) -> 0 | CB50: TER B: TK/2 TK/3 K/1 K/2 | CC50: 6200001 | CD50: s.d. | CE50: 6500000 | CF50: 0.0025 | CG50: =IF(CB50=CC$2,"OK","") | CH50: =IF(CD$2>=CC50,"OK","") -> OK | CI50: =IF(CD$2<=CE50,"OK","") | CJ50: =CG50&CH50&CI50 -> OK | CK50: =IF(CJ50="OKOKOK",CF50,0) -> 0 | CM50: TER B: TK/2 TK/3 K/1 K/2 | CN50: 6200001 | CO50: s.d. | CP50: 6500000 | CQ50: 0.0025 | CR50: =IF(CM50=CN$2,"OK","") -> OK | CS50: =IF(CO$2>=CN50,"OK","") -> OK | CT50: =IF(CO$2<=CP50,"OK","") | CU50: =CR50&CS50&CT50 -> OKOK | CV50: =IF(CU50="OKOKOK",CQ50,0) -> 0 | CX50: TER B: TK/2 TK/3 K/1 K/2 | CY50: 6200001 | CZ50: s.d. | DA50: 6500000 | DB50: 0.0025 | DC50: =IF(CX50=CY$2,"OK","") | DD50: =IF(CZ$2>=CY50,"OK","") -> OK | DE50: =IF(CZ$2<=DA50,"OK","") | DF50: =DC50&DD50&DE50 -> OK | DG50: =IF(DF50="OKOKOK",DB50,0) -> 0 | DI50: TER B: TK/2 TK/3 K/1 K/2 | DJ50: 6200001 | DK50: s.d. | DL50: 6500000 | DM50: 0.0025 | DN50: =IF(DI50=DJ$2,"OK","") | DO50: =IF(DK$2>=DJ50,"OK","") -> OK | DP50: =IF(DK$2<=DL50,"OK","") | DQ50: =DN50&DO50&DP50 -> OK | DR50: =IF(DQ50="OKOKOK",DM50,0) -> 0
N51: TER B: TK/2 TK/3 K/1 K/2 | O51: 6500001 | P51: s.d. | Q51: 6850000 | R51: 0.005 | S51: =IF(N51=O$2,"OK","") | T51: =IF(P$2>=O51,"OK","") -> OK | U51: =IF(P$2<=Q51,"OK","") | V51: =S51&T51&U51 -> OK | W51: =IF(V51="OKOKOK",R51,0) -> 0 | Y51: TER B: TK/2 TK/3 K/1 K/2 | Z51: 6500001 | AA51: s.d. | AB51: 6850000 | AC51: 0.005 | AD51: =IF(Y51=Z$2,"OK","") -> OK | AE51: =IF(AA$2>=Z51,"OK","") -> OK | AF51: =IF(AA$2<=AB51,"OK","") | AG51: =AD51&AE51&AF51 -> OKOK | AH51: =IF(AG51="OKOKOK",AC51,0) -> 0 | AJ51: TER B: TK/2 TK/3 K/1 K/2 | AK51: 6500001 | AL51: s.d. | AM51: 6850000 | AN51: 0.005 | AO51: =IF(AJ51=AK$2,"OK","") | AP51: =IF(AL$2>=AK51,"OK","") -> OK | AQ51: =IF(AL$2<=AM51,"OK","") | AR51: =AO51&AP51&AQ51 -> OK | AS51: =IF(AR51="OKOKOK",AN51,0) -> 0 | AU51: TER B: TK/2 TK/3 K/1 K/2 | AV51: 6500001 | AW51: s.d. | AX51: 6850000 | AY51: 0.005 | AZ51: =IF(AU51=AV$2,"OK","") | BA51: =IF(AW$2>=AV51,"OK","") -> OK | BB51: =IF(AW$2<=AX51,"OK","") | BC51: =AZ51&BA51&BB51 -> OK | BD51: =IF(BC51="OKOKOK",AY51,0) -> 0 | BF51: TER B: TK/2 TK/3 K/1 K/2 | BG51: 6500001 | BH51: s.d. | BI51: 6850000 | BJ51: 0.005 | BK51: =IF(BF51=BG$2,"OK","") -> OK | BL51: =IF(BH$2>=BG51,"OK","") -> OK | BM51: =IF(BH$2<=BI51,"OK","") | BN51: =BK51&BL51&BM51 -> OKOK | BO51: =IF(BN51="OKOKOK",BJ51,0) -> 0 | BQ51: TER B: TK/2 TK/3 K/1 K/2 | BR51: 6500001 | BS51: s.d. | BT51: 6850000 | BU51: 0.005 | BV51: =IF(BQ51=BR$2,"OK","") | BW51: =IF(BS$2>=BR51,"OK","") -> OK | BX51: =IF(BS$2<=BT51,"OK","") | BY51: =BV51&BW51&BX51 -> OK | BZ51: =IF(BY51="OKOKOK",BU51,0) -> 0 | CB51: TER B: TK/2 TK/3 K/1 K/2 | CC51: 6500001 | CD51: s.d. | CE51: 6850000 | CF51: 0.005 | CG51: =IF(CB51=CC$2,"OK","") | CH51: =IF(CD$2>=CC51,"OK","") -> OK | CI51: =IF(CD$2<=CE51,"OK","") | CJ51: =CG51&CH51&CI51 -> OK | CK51: =IF(CJ51="OKOKOK",CF51,0) -> 0 | CM51: TER B: TK/2 TK/3 K/1 K/2 | CN51: 6500001 | CO51: s.d. | CP51: 6850000 | CQ51: 0.005 | CR51: =IF(CM51=CN$2,"OK","") -> OK | CS51: =IF(CO$2>=CN51,"OK","") -> OK | CT51: =IF(CO$2<=CP51,"OK","") | CU51: =CR51&CS51&CT51 -> OKOK | CV51: =IF(CU51="OKOKOK",CQ51,0) -> 0 | CX51: TER B: TK/2 TK/3 K/1 K/2 | CY51: 6500001 | CZ51: s.d. | DA51: 6850000 | DB51: 0.005 | DC51: =IF(CX51=CY$2,"OK","") | DD51: =IF(CZ$2>=CY51,"OK","") -> OK | DE51: =IF(CZ$2<=DA51,"OK","") | DF51: =DC51&DD51&DE51 -> OK | DG51: =IF(DF51="OKOKOK",DB51,0) -> 0 | DI51: TER B: TK/2 TK/3 K/1 K/2 | DJ51: 6500001 | DK51: s.d. | DL51: 6850000 | DM51: 0.005 | DN51: =IF(DI51=DJ$2,"OK","") | DO51: =IF(DK$2>=DJ51,"OK","") -> OK | DP51: =IF(DK$2<=DL51,"OK","") | DQ51: =DN51&DO51&DP51 -> OK | DR51: =IF(DQ51="OKOKOK",DM51,0) -> 0
N52: TER B: TK/2 TK/3 K/1 K/2 | O52: 6850001 | P52: s.d. | Q52: 7300000 | R52: 0.0075 | S52: =IF(N52=O$2,"OK","") | T52: =IF(P$2>=O52,"OK","") -> OK | U52: =IF(P$2<=Q52,"OK","") | V52: =S52&T52&U52 -> OK | W52: =IF(V52="OKOKOK",R52,0) -> 0 | Y52: TER B: TK/2 TK/3 K/1 K/2 | Z52: 6850001 | AA52: s.d. | AB52: 7300000 | AC52: 0.0075 | AD52: =IF(Y52=Z$2,"OK","") -> OK | AE52: =IF(AA$2>=Z52,"OK","") -> OK | AF52: =IF(AA$2<=AB52,"OK","") | AG52: =AD52&AE52&AF52 -> OKOK | AH52: =IF(AG52="OKOKOK",AC52,0) -> 0 | AJ52: TER B: TK/2 TK/3 K/1 K/2 | AK52: 6850001 | AL52: s.d. | AM52: 7300000 | AN52: 0.0075 | AO52: =IF(AJ52=AK$2,"OK","") | AP52: =IF(AL$2>=AK52,"OK","") -> OK | AQ52: =IF(AL$2<=AM52,"OK","") | AR52: =AO52&AP52&AQ52 -> OK | AS52: =IF(AR52="OKOKOK",AN52,0) -> 0 | AU52: TER B: TK/2 TK/3 K/1 K/2 | AV52: 6850001 | AW52: s.d. | AX52: 7300000 | AY52: 0.0075 | AZ52: =IF(AU52=AV$2,"OK","") | BA52: =IF(AW$2>=AV52,"OK","") -> OK | BB52: =IF(AW$2<=AX52,"OK","") | BC52: =AZ52&BA52&BB52 -> OK | BD52: =IF(BC52="OKOKOK",AY52,0) -> 0 | BF52: TER B: TK/2 TK/3 K/1 K/2 | BG52: 6850001 | BH52: s.d. | BI52: 7300000 | BJ52: 0.0075 | BK52: =IF(BF52=BG$2,"OK","") -> OK | BL52: =IF(BH$2>=BG52,"OK","") -> OK | BM52: =IF(BH$2<=BI52,"OK","") | BN52: =BK52&BL52&BM52 -> OKOK | BO52: =IF(BN52="OKOKOK",BJ52,0) -> 0 | BQ52: TER B: TK/2 TK/3 K/1 K/2 | BR52: 6850001 | BS52: s.d. | BT52: 7300000 | BU52: 0.0075 | BV52: =IF(BQ52=BR$2,"OK","") | BW52: =IF(BS$2>=BR52,"OK","") -> OK | BX52: =IF(BS$2<=BT52,"OK","") | BY52: =BV52&BW52&BX52 -> OK | BZ52: =IF(BY52="OKOKOK",BU52,0) -> 0 | CB52: TER B: TK/2 TK/3 K/1 K/2 | CC52: 6850001 | CD52: s.d. | CE52: 7300000 | CF52: 0.0075 | CG52: =IF(CB52=CC$2,"OK","") | CH52: =IF(CD$2>=CC52,"OK","") -> OK | CI52: =IF(CD$2<=CE52,"OK","") | CJ52: =CG52&CH52&CI52 -> OK | CK52: =IF(CJ52="OKOKOK",CF52,0) -> 0 | CM52: TER B: TK/2 TK/3 K/1 K/2 | CN52: 6850001 | CO52: s.d. | CP52: 7300000 | CQ52: 0.0075 | CR52: =IF(CM52=CN$2,"OK","") -> OK | CS52: =IF(CO$2>=CN52,"OK","") -> OK | CT52: =IF(CO$2<=CP52,"OK","") | CU52: =CR52&CS52&CT52 -> OKOK | CV52: =IF(CU52="OKOKOK",CQ52,0) -> 0 | CX52: TER B: TK/2 TK/3 K/1 K/2 | CY52: 6850001 | CZ52: s.d. | DA52: 7300000 | DB52: 0.0075 | DC52: =IF(CX52=CY$2,"OK","") | DD52: =IF(CZ$2>=CY52,"OK","") -> OK | DE52: =IF(CZ$2<=DA52,"OK","") | DF52: =DC52&DD52&DE52 -> OK | DG52: =IF(DF52="OKOKOK",DB52,0) -> 0 | DI52: TER B: TK/2 TK/3 K/1 K/2 | DJ52: 6850001 | DK52: s.d. | DL52: 7300000 | DM52: 0.0075 | DN52: =IF(DI52=DJ$2,"OK","") | DO52: =IF(DK$2>=DJ52,"OK","") -> OK | DP52: =IF(DK$2<=DL52,"OK","") | DQ52: =DN52&DO52&DP52 -> OK | DR52: =IF(DQ52="OKOKOK",DM52,0) -> 0
N53: TER B: TK/2 TK/3 K/1 K/2 | O53: 7300001 | P53: s.d. | Q53: 9200000 | R53: 0.01 | S53: =IF(N53=O$2,"OK","") | T53: =IF(P$2>=O53,"OK","") -> OK | U53: =IF(P$2<=Q53,"OK","") | V53: =S53&T53&U53 -> OK | W53: =IF(V53="OKOKOK",R53,0) -> 0 | Y53: TER B: TK/2 TK/3 K/1 K/2 | Z53: 7300001 | AA53: s.d. | AB53: 9200000 | AC53: 0.01 | AD53: =IF(Y53=Z$2,"OK","") -> OK | AE53: =IF(AA$2>=Z53,"OK","") -> OK | AF53: =IF(AA$2<=AB53,"OK","") | AG53: =AD53&AE53&AF53 -> OKOK | AH53: =IF(AG53="OKOKOK",AC53,0) -> 0 | AJ53: TER B: TK/2 TK/3 K/1 K/2 | AK53: 7300001 | AL53: s.d. | AM53: 9200000 | AN53: 0.01 | AO53: =IF(AJ53=AK$2,"OK","") | AP53: =IF(AL$2>=AK53,"OK","") -> OK | AQ53: =IF(AL$2<=AM53,"OK","") | AR53: =AO53&AP53&AQ53 -> OK | AS53: =IF(AR53="OKOKOK",AN53,0) -> 0 | AU53: TER B: TK/2 TK/3 K/1 K/2 | AV53: 7300001 | AW53: s.d. | AX53: 9200000 | AY53: 0.01 | AZ53: =IF(AU53=AV$2,"OK","") | BA53: =IF(AW$2>=AV53,"OK","") -> OK | BB53: =IF(AW$2<=AX53,"OK","") | BC53: =AZ53&BA53&BB53 -> OK | BD53: =IF(BC53="OKOKOK",AY53,0) -> 0 | BF53: TER B: TK/2 TK/3 K/1 K/2 | BG53: 7300001 | BH53: s.d. | BI53: 9200000 | BJ53: 0.01 | BK53: =IF(BF53=BG$2,"OK","") -> OK | BL53: =IF(BH$2>=BG53,"OK","") -> OK | BM53: =IF(BH$2<=BI53,"OK","") | BN53: =BK53&BL53&BM53 -> OKOK | BO53: =IF(BN53="OKOKOK",BJ53,0) -> 0 | BQ53: TER B: TK/2 TK/3 K/1 K/2 | BR53: 7300001 | BS53: s.d. | BT53: 9200000 | BU53: 0.01 | BV53: =IF(BQ53=BR$2,"OK","") | BW53: =IF(BS$2>=BR53,"OK","") -> OK | BX53: =IF(BS$2<=BT53,"OK","") | BY53: =BV53&BW53&BX53 -> OK | BZ53: =IF(BY53="OKOKOK",BU53,0) -> 0 | CB53: TER B: TK/2 TK/3 K/1 K/2 | CC53: 7300001 | CD53: s.d. | CE53: 9200000 | CF53: 0.01 | CG53: =IF(CB53=CC$2,"OK","") | CH53: =IF(CD$2>=CC53,"OK","") -> OK | CI53: =IF(CD$2<=CE53,"OK","") | CJ53: =CG53&CH53&CI53 -> OK | CK53: =IF(CJ53="OKOKOK",CF53,0) -> 0 | CM53: TER B: TK/2 TK/3 K/1 K/2 | CN53: 7300001 | CO53: s.d. | CP53: 9200000 | CQ53: 0.01 | CR53: =IF(CM53=CN$2,"OK","") -> OK | CS53: =IF(CO$2>=CN53,"OK","") -> OK | CT53: =IF(CO$2<=CP53,"OK","") | CU53: =CR53&CS53&CT53 -> OKOK | CV53: =IF(CU53="OKOKOK",CQ53,0) -> 0 | CX53: TER B: TK/2 TK/3 K/1 K/2 | CY53: 7300001 | CZ53: s.d. | DA53: 9200000 | DB53: 0.01 | DC53: =IF(CX53=CY$2,"OK","") | DD53: =IF(CZ$2>=CY53,"OK","") -> OK | DE53: =IF(CZ$2<=DA53,"OK","") | DF53: =DC53&DD53&DE53 -> OK | DG53: =IF(DF53="OKOKOK",DB53,0) -> 0 | DI53: TER B: TK/2 TK/3 K/1 K/2 | DJ53: 7300001 | DK53: s.d. | DL53: 9200000 | DM53: 0.01 | DN53: =IF(DI53=DJ$2,"OK","") | DO53: =IF(DK$2>=DJ53,"OK","") -> OK | DP53: =IF(DK$2<=DL53,"OK","") | DQ53: =DN53&DO53&DP53 -> OK | DR53: =IF(DQ53="OKOKOK",DM53,0) -> 0
N54: TER B: TK/2 TK/3 K/1 K/2 | O54: 9200001 | P54: s.d. | Q54: 10750000 | R54: 0.015 | S54: =IF(N54=O$2,"OK","") | T54: =IF(P$2>=O54,"OK","") -> OK | U54: =IF(P$2<=Q54,"OK","") -> OK | V54: =S54&T54&U54 -> OKOK | W54: =IF(V54="OKOKOK",R54,0) -> 0 | Y54: TER B: TK/2 TK/3 K/1 K/2 | Z54: 9200001 | AA54: s.d. | AB54: 10750000 | AC54: 0.015 | AD54: =IF(Y54=Z$2,"OK","") -> OK | AE54: =IF(AA$2>=Z54,"OK","") -> OK | AF54: =IF(AA$2<=AB54,"OK","") | AG54: =AD54&AE54&AF54 -> OKOK | AH54: =IF(AG54="OKOKOK",AC54,0) -> 0 | AJ54: TER B: TK/2 TK/3 K/1 K/2 | AK54: 9200001 | AL54: s.d. | AM54: 10750000 | AN54: 0.015 | AO54: =IF(AJ54=AK$2,"OK","") | AP54: =IF(AL$2>=AK54,"OK","") -> OK | AQ54: =IF(AL$2<=AM54,"OK","") | AR54: =AO54&AP54&AQ54 -> OK | AS54: =IF(AR54="OKOKOK",AN54,0) -> 0 | AU54: TER B: TK/2 TK/3 K/1 K/2 | AV54: 9200001 | AW54: s.d. | AX54: 10750000 | AY54: 0.015 | AZ54: =IF(AU54=AV$2,"OK","") | BA54: =IF(AW$2>=AV54,"OK","") -> OK | BB54: =IF(AW$2<=AX54,"OK","") | BC54: =AZ54&BA54&BB54 -> OK | BD54: =IF(BC54="OKOKOK",AY54,0) -> 0 | BF54: TER B: TK/2 TK/3 K/1 K/2 | BG54: 9200001 | BH54: s.d. | BI54: 10750000 | BJ54: 0.015 | BK54: =IF(BF54=BG$2,"OK","") -> OK | BL54: =IF(BH$2>=BG54,"OK","") -> OK | BM54: =IF(BH$2<=BI54,"OK","") | BN54: =BK54&BL54&BM54 -> OKOK | BO54: =IF(BN54="OKOKOK",BJ54,0) -> 0 | BQ54: TER B: TK/2 TK/3 K/1 K/2 | BR54: 9200001 | BS54: s.d. | BT54: 10750000 | BU54: 0.015 | BV54: =IF(BQ54=BR$2,"OK","") | BW54: =IF(BS$2>=BR54,"OK","") -> OK | BX54: =IF(BS$2<=BT54,"OK","") | BY54: =BV54&BW54&BX54 -> OK | BZ54: =IF(BY54="OKOKOK",BU54,0) -> 0 | CB54: TER B: TK/2 TK/3 K/1 K/2 | CC54: 9200001 | CD54: s.d. | CE54: 10750000 | CF54: 0.015 | CG54: =IF(CB54=CC$2,"OK","") | CH54: =IF(CD$2>=CC54,"OK","") -> OK | CI54: =IF(CD$2<=CE54,"OK","") | CJ54: =CG54&CH54&CI54 -> OK | CK54: =IF(CJ54="OKOKOK",CF54,0) -> 0 | CM54: TER B: TK/2 TK/3 K/1 K/2 | CN54: 9200001 | CO54: s.d. | CP54: 10750000 | CQ54: 0.015 | CR54: =IF(CM54=CN$2,"OK","") -> OK | CS54: =IF(CO$2>=CN54,"OK","") -> OK | CT54: =IF(CO$2<=CP54,"OK","") | CU54: =CR54&CS54&CT54 -> OKOK | CV54: =IF(CU54="OKOKOK",CQ54,0) -> 0 | CX54: TER B: TK/2 TK/3 K/1 K/2 | CY54: 9200001 | CZ54: s.d. | DA54: 10750000 | DB54: 0.015 | DC54: =IF(CX54=CY$2,"OK","") | DD54: =IF(CZ$2>=CY54,"OK","") -> OK | DE54: =IF(CZ$2<=DA54,"OK","") | DF54: =DC54&DD54&DE54 -> OK | DG54: =IF(DF54="OKOKOK",DB54,0) -> 0 | DI54: TER B: TK/2 TK/3 K/1 K/2 | DJ54: 9200001 | DK54: s.d. | DL54: 10750000 | DM54: 0.015 | DN54: =IF(DI54=DJ$2,"OK","") | DO54: =IF(DK$2>=DJ54,"OK","") -> OK | DP54: =IF(DK$2<=DL54,"OK","") | DQ54: =DN54&DO54&DP54 -> OK | DR54: =IF(DQ54="OKOKOK",DM54,0) -> 0
N55: TER B: TK/2 TK/3 K/1 K/2 | O55: 10750001 | P55: s.d. | Q55: 11250000 | R55: 0.02 | S55: =IF(N55=O$2,"OK","") | T55: =IF(P$2>=O55,"OK","") | U55: =IF(P$2<=Q55,"OK","") -> OK | V55: =S55&T55&U55 -> OK | W55: =IF(V55="OKOKOK",R55,0) -> 0 | Y55: TER B: TK/2 TK/3 K/1 K/2 | Z55: 10750001 | AA55: s.d. | AB55: 11250000 | AC55: 0.02 | AD55: =IF(Y55=Z$2,"OK","") -> OK | AE55: =IF(AA$2>=Z55,"OK","") -> OK | AF55: =IF(AA$2<=AB55,"OK","") | AG55: =AD55&AE55&AF55 -> OKOK | AH55: =IF(AG55="OKOKOK",AC55,0) -> 0 | AJ55: TER B: TK/2 TK/3 K/1 K/2 | AK55: 10750001 | AL55: s.d. | AM55: 11250000 | AN55: 0.02 | AO55: =IF(AJ55=AK$2,"OK","") | AP55: =IF(AL$2>=AK55,"OK","") -> OK | AQ55: =IF(AL$2<=AM55,"OK","") | AR55: =AO55&AP55&AQ55 -> OK | AS55: =IF(AR55="OKOKOK",AN55,0) -> 0 | AU55: TER B: TK/2 TK/3 K/1 K/2 | AV55: 10750001 | AW55: s.d. | AX55: 11250000 | AY55: 0.02 | AZ55: =IF(AU55=AV$2,"OK","") | BA55: =IF(AW$2>=AV55,"OK","") -> OK | BB55: =IF(AW$2<=AX55,"OK","") | BC55: =AZ55&BA55&BB55 -> OK | BD55: =IF(BC55="OKOKOK",AY55,0) -> 0 | BF55: TER B: TK/2 TK/3 K/1 K/2 | BG55: 10750001 | BH55: s.d. | BI55: 11250000 | BJ55: 0.02 | BK55: =IF(BF55=BG$2,"OK","") -> OK | BL55: =IF(BH$2>=BG55,"OK","") -> OK | BM55: =IF(BH$2<=BI55,"OK","") | BN55: =BK55&BL55&BM55 -> OKOK | BO55: =IF(BN55="OKOKOK",BJ55,0) -> 0 | BQ55: TER B: TK/2 TK/3 K/1 K/2 | BR55: 10750001 | BS55: s.d. | BT55: 11250000 | BU55: 0.02 | BV55: =IF(BQ55=BR$2,"OK","") | BW55: =IF(BS$2>=BR55,"OK","") -> OK | BX55: =IF(BS$2<=BT55,"OK","") | BY55: =BV55&BW55&BX55 -> OK | BZ55: =IF(BY55="OKOKOK",BU55,0) -> 0 | CB55: TER B: TK/2 TK/3 K/1 K/2 | CC55: 10750001 | CD55: s.d. | CE55: 11250000 | CF55: 0.02 | CG55: =IF(CB55=CC$2,"OK","") | CH55: =IF(CD$2>=CC55,"OK","") -> OK | CI55: =IF(CD$2<=CE55,"OK","") | CJ55: =CG55&CH55&CI55 -> OK | CK55: =IF(CJ55="OKOKOK",CF55,0) -> 0 | CM55: TER B: TK/2 TK/3 K/1 K/2 | CN55: 10750001 | CO55: s.d. | CP55: 11250000 | CQ55: 0.02 | CR55: =IF(CM55=CN$2,"OK","") -> OK | CS55: =IF(CO$2>=CN55,"OK","") -> OK | CT55: =IF(CO$2<=CP55,"OK","") | CU55: =CR55&CS55&CT55 -> OKOK | CV55: =IF(CU55="OKOKOK",CQ55,0) -> 0 | CX55: TER B: TK/2 TK/3 K/1 K/2 | CY55: 10750001 | CZ55: s.d. | DA55: 11250000 | DB55: 0.02 | DC55: =IF(CX55=CY$2,"OK","") | DD55: =IF(CZ$2>=CY55,"OK","") -> OK | DE55: =IF(CZ$2<=DA55,"OK","") | DF55: =DC55&DD55&DE55 -> OK | DG55: =IF(DF55="OKOKOK",DB55,0) -> 0 | DI55: TER B: TK/2 TK/3 K/1 K/2 | DJ55: 10750001 | DK55: s.d. | DL55: 11250000 | DM55: 0.02 | DN55: =IF(DI55=DJ$2,"OK","") | DO55: =IF(DK$2>=DJ55,"OK","") -> OK | DP55: =IF(DK$2<=DL55,"OK","") | DQ55: =DN55&DO55&DP55 -> OK | DR55: =IF(DQ55="OKOKOK",DM55,0) -> 0
N56: TER B: TK/2 TK/3 K/1 K/2 | O56: 11250001 | P56: s.d. | Q56: 11600000 | R56: 0.025 | S56: =IF(N56=O$2,"OK","") | T56: =IF(P$2>=O56,"OK","") | U56: =IF(P$2<=Q56,"OK","") -> OK | V56: =S56&T56&U56 -> OK | W56: =IF(V56="OKOKOK",R56,0) -> 0 | Y56: TER B: TK/2 TK/3 K/1 K/2 | Z56: 11250001 | AA56: s.d. | AB56: 11600000 | AC56: 0.025 | AD56: =IF(Y56=Z$2,"OK","") -> OK | AE56: =IF(AA$2>=Z56,"OK","") -> OK | AF56: =IF(AA$2<=AB56,"OK","") | AG56: =AD56&AE56&AF56 -> OKOK | AH56: =IF(AG56="OKOKOK",AC56,0) -> 0 | AJ56: TER B: TK/2 TK/3 K/1 K/2 | AK56: 11250001 | AL56: s.d. | AM56: 11600000 | AN56: 0.025 | AO56: =IF(AJ56=AK$2,"OK","") | AP56: =IF(AL$2>=AK56,"OK","") -> OK | AQ56: =IF(AL$2<=AM56,"OK","") | AR56: =AO56&AP56&AQ56 -> OK | AS56: =IF(AR56="OKOKOK",AN56,0) -> 0 | AU56: TER B: TK/2 TK/3 K/1 K/2 | AV56: 11250001 | AW56: s.d. | AX56: 11600000 | AY56: 0.025 | AZ56: =IF(AU56=AV$2,"OK","") | BA56: =IF(AW$2>=AV56,"OK","") -> OK | BB56: =IF(AW$2<=AX56,"OK","") | BC56: =AZ56&BA56&BB56 -> OK | BD56: =IF(BC56="OKOKOK",AY56,0) -> 0 | BF56: TER B: TK/2 TK/3 K/1 K/2 | BG56: 11250001 | BH56: s.d. | BI56: 11600000 | BJ56: 0.025 | BK56: =IF(BF56=BG$2,"OK","") -> OK | BL56: =IF(BH$2>=BG56,"OK","") -> OK | BM56: =IF(BH$2<=BI56,"OK","") | BN56: =BK56&BL56&BM56 -> OKOK | BO56: =IF(BN56="OKOKOK",BJ56,0) -> 0 | BQ56: TER B: TK/2 TK/3 K/1 K/2 | BR56: 11250001 | BS56: s.d. | BT56: 11600000 | BU56: 0.025 | BV56: =IF(BQ56=BR$2,"OK","") | BW56: =IF(BS$2>=BR56,"OK","") -> OK | BX56: =IF(BS$2<=BT56,"OK","") | BY56: =BV56&BW56&BX56 -> OK | BZ56: =IF(BY56="OKOKOK",BU56,0) -> 0 | CB56: TER B: TK/2 TK/3 K/1 K/2 | CC56: 11250001 | CD56: s.d. | CE56: 11600000 | CF56: 0.025 | CG56: =IF(CB56=CC$2,"OK","") | CH56: =IF(CD$2>=CC56,"OK","") -> OK | CI56: =IF(CD$2<=CE56,"OK","") | CJ56: =CG56&CH56&CI56 -> OK | CK56: =IF(CJ56="OKOKOK",CF56,0) -> 0 | CM56: TER B: TK/2 TK/3 K/1 K/2 | CN56: 11250001 | CO56: s.d. | CP56: 11600000 | CQ56: 0.025 | CR56: =IF(CM56=CN$2,"OK","") -> OK | CS56: =IF(CO$2>=CN56,"OK","") -> OK | CT56: =IF(CO$2<=CP56,"OK","") | CU56: =CR56&CS56&CT56 -> OKOK | CV56: =IF(CU56="OKOKOK",CQ56,0) -> 0 | CX56: TER B: TK/2 TK/3 K/1 K/2 | CY56: 11250001 | CZ56: s.d. | DA56: 11600000 | DB56: 0.025 | DC56: =IF(CX56=CY$2,"OK","") | DD56: =IF(CZ$2>=CY56,"OK","") -> OK | DE56: =IF(CZ$2<=DA56,"OK","") | DF56: =DC56&DD56&DE56 -> OK | DG56: =IF(DF56="OKOKOK",DB56,0) -> 0 | DI56: TER B: TK/2 TK/3 K/1 K/2 | DJ56: 11250001 | DK56: s.d. | DL56: 11600000 | DM56: 0.025 | DN56: =IF(DI56=DJ$2,"OK","") | DO56: =IF(DK$2>=DJ56,"OK","") -> OK | DP56: =IF(DK$2<=DL56,"OK","") | DQ56: =DN56&DO56&DP56 -> OK | DR56: =IF(DQ56="OKOKOK",DM56,0) -> 0
N57: TER B: TK/2 TK/3 K/1 K/2 | O57: 11600001 | P57: s.d. | Q57: 12600000 | R57: 0.03 | S57: =IF(N57=O$2,"OK","") | T57: =IF(P$2>=O57,"OK","") | U57: =IF(P$2<=Q57,"OK","") -> OK | V57: =S57&T57&U57 -> OK | W57: =IF(V57="OKOKOK",R57,0) -> 0 | Y57: TER B: TK/2 TK/3 K/1 K/2 | Z57: 11600001 | AA57: s.d. | AB57: 12600000 | AC57: 0.03 | AD57: =IF(Y57=Z$2,"OK","") -> OK | AE57: =IF(AA$2>=Z57,"OK","") -> OK | AF57: =IF(AA$2<=AB57,"OK","") | AG57: =AD57&AE57&AF57 -> OKOK | AH57: =IF(AG57="OKOKOK",AC57,0) -> 0 | AJ57: TER B: TK/2 TK/3 K/1 K/2 | AK57: 11600001 | AL57: s.d. | AM57: 12600000 | AN57: 0.03 | AO57: =IF(AJ57=AK$2,"OK","") | AP57: =IF(AL$2>=AK57,"OK","") -> OK | AQ57: =IF(AL$2<=AM57,"OK","") | AR57: =AO57&AP57&AQ57 -> OK | AS57: =IF(AR57="OKOKOK",AN57,0) -> 0 | AU57: TER B: TK/2 TK/3 K/1 K/2 | AV57: 11600001 | AW57: s.d. | AX57: 12600000 | AY57: 0.03 | AZ57: =IF(AU57=AV$2,"OK","") | BA57: =IF(AW$2>=AV57,"OK","") -> OK | BB57: =IF(AW$2<=AX57,"OK","") | BC57: =AZ57&BA57&BB57 -> OK | BD57: =IF(BC57="OKOKOK",AY57,0) -> 0 | BF57: TER B: TK/2 TK/3 K/1 K/2 | BG57: 11600001 | BH57: s.d. | BI57: 12600000 | BJ57: 0.03 | BK57: =IF(BF57=BG$2,"OK","") -> OK | BL57: =IF(BH$2>=BG57,"OK","") -> OK | BM57: =IF(BH$2<=BI57,"OK","") | BN57: =BK57&BL57&BM57 -> OKOK | BO57: =IF(BN57="OKOKOK",BJ57,0) -> 0 | BQ57: TER B: TK/2 TK/3 K/1 K/2 | BR57: 11600001 | BS57: s.d. | BT57: 12600000 | BU57: 0.03 | BV57: =IF(BQ57=BR$2,"OK","") | BW57: =IF(BS$2>=BR57,"OK","") -> OK | BX57: =IF(BS$2<=BT57,"OK","") | BY57: =BV57&BW57&BX57 -> OK | BZ57: =IF(BY57="OKOKOK",BU57,0) -> 0 | CB57: TER B: TK/2 TK/3 K/1 K/2 | CC57: 11600001 | CD57: s.d. | CE57: 12600000 | CF57: 0.03 | CG57: =IF(CB57=CC$2,"OK","") | CH57: =IF(CD$2>=CC57,"OK","") -> OK | CI57: =IF(CD$2<=CE57,"OK","") | CJ57: =CG57&CH57&CI57 -> OK | CK57: =IF(CJ57="OKOKOK",CF57,0) -> 0 | CM57: TER B: TK/2 TK/3 K/1 K/2 | CN57: 11600001 | CO57: s.d. | CP57: 12600000 | CQ57: 0.03 | CR57: =IF(CM57=CN$2,"OK","") -> OK | CS57: =IF(CO$2>=CN57,"OK","") -> OK | CT57: =IF(CO$2<=CP57,"OK","") | CU57: =CR57&CS57&CT57 -> OKOK | CV57: =IF(CU57="OKOKOK",CQ57,0) -> 0 | CX57: TER B: TK/2 TK/3 K/1 K/2 | CY57: 11600001 | CZ57: s.d. | DA57: 12600000 | DB57: 0.03 | DC57: =IF(CX57=CY$2,"OK","") | DD57: =IF(CZ$2>=CY57,"OK","") -> OK | DE57: =IF(CZ$2<=DA57,"OK","") | DF57: =DC57&DD57&DE57 -> OK | DG57: =IF(DF57="OKOKOK",DB57,0) -> 0 | DI57: TER B: TK/2 TK/3 K/1 K/2 | DJ57: 11600001 | DK57: s.d. | DL57: 12600000 | DM57: 0.03 | DN57: =IF(DI57=DJ$2,"OK","") | DO57: =IF(DK$2>=DJ57,"OK","") -> OK | DP57: =IF(DK$2<=DL57,"OK","") | DQ57: =DN57&DO57&DP57 -> OK | DR57: =IF(DQ57="OKOKOK",DM57,0) -> 0
N58: TER B: TK/2 TK/3 K/1 K/2 | O58: 12600001 | P58: s.d. | Q58: 13600000 | R58: 0.04 | S58: =IF(N58=O$2,"OK","") | T58: =IF(P$2>=O58,"OK","") | U58: =IF(P$2<=Q58,"OK","") -> OK | V58: =S58&T58&U58 -> OK | W58: =IF(V58="OKOKOK",R58,0) -> 0 | Y58: TER B: TK/2 TK/3 K/1 K/2 | Z58: 12600001 | AA58: s.d. | AB58: 13600000 | AC58: 0.04 | AD58: =IF(Y58=Z$2,"OK","") -> OK | AE58: =IF(AA$2>=Z58,"OK","") -> OK | AF58: =IF(AA$2<=AB58,"OK","") | AG58: =AD58&AE58&AF58 -> OKOK | AH58: =IF(AG58="OKOKOK",AC58,0) -> 0 | AJ58: TER B: TK/2 TK/3 K/1 K/2 | AK58: 12600001 | AL58: s.d. | AM58: 13600000 | AN58: 0.04 | AO58: =IF(AJ58=AK$2,"OK","") | AP58: =IF(AL$2>=AK58,"OK","") -> OK | AQ58: =IF(AL$2<=AM58,"OK","") | AR58: =AO58&AP58&AQ58 -> OK | AS58: =IF(AR58="OKOKOK",AN58,0) -> 0 | AU58: TER B: TK/2 TK/3 K/1 K/2 | AV58: 12600001 | AW58: s.d. | AX58: 13600000 | AY58: 0.04 | AZ58: =IF(AU58=AV$2,"OK","") | BA58: =IF(AW$2>=AV58,"OK","") -> OK | BB58: =IF(AW$2<=AX58,"OK","") | BC58: =AZ58&BA58&BB58 -> OK | BD58: =IF(BC58="OKOKOK",AY58,0) -> 0 | BF58: TER B: TK/2 TK/3 K/1 K/2 | BG58: 12600001 | BH58: s.d. | BI58: 13600000 | BJ58: 0.04 | BK58: =IF(BF58=BG$2,"OK","") -> OK | BL58: =IF(BH$2>=BG58,"OK","") -> OK | BM58: =IF(BH$2<=BI58,"OK","") | BN58: =BK58&BL58&BM58 -> OKOK | BO58: =IF(BN58="OKOKOK",BJ58,0) -> 0 | BQ58: TER B: TK/2 TK/3 K/1 K/2 | BR58: 12600001 | BS58: s.d. | BT58: 13600000 | BU58: 0.04 | BV58: =IF(BQ58=BR$2,"OK","") | BW58: =IF(BS$2>=BR58,"OK","") -> OK | BX58: =IF(BS$2<=BT58,"OK","") | BY58: =BV58&BW58&BX58 -> OK | BZ58: =IF(BY58="OKOKOK",BU58,0) -> 0 | CB58: TER B: TK/2 TK/3 K/1 K/2 | CC58: 12600001 | CD58: s.d. | CE58: 13600000 | CF58: 0.04 | CG58: =IF(CB58=CC$2,"OK","") | CH58: =IF(CD$2>=CC58,"OK","") -> OK | CI58: =IF(CD$2<=CE58,"OK","") | CJ58: =CG58&CH58&CI58 -> OK | CK58: =IF(CJ58="OKOKOK",CF58,0) -> 0 | CM58: TER B: TK/2 TK/3 K/1 K/2 | CN58: 12600001 | CO58: s.d. | CP58: 13600000 | CQ58: 0.04 | CR58: =IF(CM58=CN$2,"OK","") -> OK | CS58: =IF(CO$2>=CN58,"OK","") -> OK | CT58: =IF(CO$2<=CP58,"OK","") | CU58: =CR58&CS58&CT58 -> OKOK | CV58: =IF(CU58="OKOKOK",CQ58,0) -> 0 | CX58: TER B: TK/2 TK/3 K/1 K/2 | CY58: 12600001 | CZ58: s.d. | DA58: 13600000 | DB58: 0.04 | DC58: =IF(CX58=CY$2,"OK","") | DD58: =IF(CZ$2>=CY58,"OK","") -> OK | DE58: =IF(CZ$2<=DA58,"OK","") | DF58: =DC58&DD58&DE58 -> OK | DG58: =IF(DF58="OKOKOK",DB58,0) -> 0 | DI58: TER B: TK/2 TK/3 K/1 K/2 | DJ58: 12600001 | DK58: s.d. | DL58: 13600000 | DM58: 0.04 | DN58: =IF(DI58=DJ$2,"OK","") | DO58: =IF(DK$2>=DJ58,"OK","") -> OK | DP58: =IF(DK$2<=DL58,"OK","") | DQ58: =DN58&DO58&DP58 -> OK | DR58: =IF(DQ58="OKOKOK",DM58,0) -> 0
N59: TER B: TK/2 TK/3 K/1 K/2 | O59: 13600001 | P59: s.d. | Q59: 14950000 | R59: 0.05 | S59: =IF(N59=O$2,"OK","") | T59: =IF(P$2>=O59,"OK","") | U59: =IF(P$2<=Q59,"OK","") -> OK | V59: =S59&T59&U59 -> OK | W59: =IF(V59="OKOKOK",R59,0) -> 0 | Y59: TER B: TK/2 TK/3 K/1 K/2 | Z59: 13600001 | AA59: s.d. | AB59: 14950000 | AC59: 0.05 | AD59: =IF(Y59=Z$2,"OK","") -> OK | AE59: =IF(AA$2>=Z59,"OK","") -> OK | AF59: =IF(AA$2<=AB59,"OK","") | AG59: =AD59&AE59&AF59 -> OKOK | AH59: =IF(AG59="OKOKOK",AC59,0) -> 0 | AJ59: TER B: TK/2 TK/3 K/1 K/2 | AK59: 13600001 | AL59: s.d. | AM59: 14950000 | AN59: 0.05 | AO59: =IF(AJ59=AK$2,"OK","") | AP59: =IF(AL$2>=AK59,"OK","") -> OK | AQ59: =IF(AL$2<=AM59,"OK","") | AR59: =AO59&AP59&AQ59 -> OK | AS59: =IF(AR59="OKOKOK",AN59,0) -> 0 | AU59: TER B: TK/2 TK/3 K/1 K/2 | AV59: 13600001 | AW59: s.d. | AX59: 14950000 | AY59: 0.05 | AZ59: =IF(AU59=AV$2,"OK","") | BA59: =IF(AW$2>=AV59,"OK","") -> OK | BB59: =IF(AW$2<=AX59,"OK","") | BC59: =AZ59&BA59&BB59 -> OK | BD59: =IF(BC59="OKOKOK",AY59,0) -> 0 | BF59: TER B: TK/2 TK/3 K/1 K/2 | BG59: 13600001 | BH59: s.d. | BI59: 14950000 | BJ59: 0.05 | BK59: =IF(BF59=BG$2,"OK","") -> OK | BL59: =IF(BH$2>=BG59,"OK","") -> OK | BM59: =IF(BH$2<=BI59,"OK","") | BN59: =BK59&BL59&BM59 -> OKOK | BO59: =IF(BN59="OKOKOK",BJ59,0) -> 0 | BQ59: TER B: TK/2 TK/3 K/1 K/2 | BR59: 13600001 | BS59: s.d. | BT59: 14950000 | BU59: 0.05 | BV59: =IF(BQ59=BR$2,"OK","") | BW59: =IF(BS$2>=BR59,"OK","") -> OK | BX59: =IF(BS$2<=BT59,"OK","") | BY59: =BV59&BW59&BX59 -> OK | BZ59: =IF(BY59="OKOKOK",BU59,0) -> 0 | CB59: TER B: TK/2 TK/3 K/1 K/2 | CC59: 13600001 | CD59: s.d. | CE59: 14950000 | CF59: 0.05 | CG59: =IF(CB59=CC$2,"OK","") | CH59: =IF(CD$2>=CC59,"OK","") -> OK | CI59: =IF(CD$2<=CE59,"OK","") | CJ59: =CG59&CH59&CI59 -> OK | CK59: =IF(CJ59="OKOKOK",CF59,0) -> 0 | CM59: TER B: TK/2 TK/3 K/1 K/2 | CN59: 13600001 | CO59: s.d. | CP59: 14950000 | CQ59: 0.05 | CR59: =IF(CM59=CN$2,"OK","") -> OK | CS59: =IF(CO$2>=CN59,"OK","") -> OK | CT59: =IF(CO$2<=CP59,"OK","") | CU59: =CR59&CS59&CT59 -> OKOK | CV59: =IF(CU59="OKOKOK",CQ59,0) -> 0 | CX59: TER B: TK/2 TK/3 K/1 K/2 | CY59: 13600001 | CZ59: s.d. | DA59: 14950000 | DB59: 0.05 | DC59: =IF(CX59=CY$2,"OK","") | DD59: =IF(CZ$2>=CY59,"OK","") -> OK | DE59: =IF(CZ$2<=DA59,"OK","") | DF59: =DC59&DD59&DE59 -> OK | DG59: =IF(DF59="OKOKOK",DB59,0) -> 0 | DI59: TER B: TK/2 TK/3 K/1 K/2 | DJ59: 13600001 | DK59: s.d. | DL59: 14950000 | DM59: 0.05 | DN59: =IF(DI59=DJ$2,"OK","") | DO59: =IF(DK$2>=DJ59,"OK","") -> OK | DP59: =IF(DK$2<=DL59,"OK","") | DQ59: =DN59&DO59&DP59 -> OK | DR59: =IF(DQ59="OKOKOK",DM59,0) -> 0
N60: TER B: TK/2 TK/3 K/1 K/2 | O60: 14950001 | P60: s.d. | Q60: 16400000 | R60: 0.06 | S60: =IF(N60=O$2,"OK","") | T60: =IF(P$2>=O60,"OK","") | U60: =IF(P$2<=Q60,"OK","") -> OK | V60: =S60&T60&U60 -> OK | W60: =IF(V60="OKOKOK",R60,0) -> 0 | Y60: TER B: TK/2 TK/3 K/1 K/2 | Z60: 14950001 | AA60: s.d. | AB60: 16400000 | AC60: 0.06 | AD60: =IF(Y60=Z$2,"OK","") -> OK | AE60: =IF(AA$2>=Z60,"OK","") -> OK | AF60: =IF(AA$2<=AB60,"OK","") -> OK | AG60: =AD60&AE60&AF60 -> OKOKOK | AH60: =IF(AG60="OKOKOK",AC60,0) -> 0.06 | AJ60: TER B: TK/2 TK/3 K/1 K/2 | AK60: 14950001 | AL60: s.d. | AM60: 16400000 | AN60: 0.06 | AO60: =IF(AJ60=AK$2,"OK","") | AP60: =IF(AL$2>=AK60,"OK","") -> OK | AQ60: =IF(AL$2<=AM60,"OK","") | AR60: =AO60&AP60&AQ60 -> OK | AS60: =IF(AR60="OKOKOK",AN60,0) -> 0 | AU60: TER B: TK/2 TK/3 K/1 K/2 | AV60: 14950001 | AW60: s.d. | AX60: 16400000 | AY60: 0.06 | AZ60: =IF(AU60=AV$2,"OK","") | BA60: =IF(AW$2>=AV60,"OK","") -> OK | BB60: =IF(AW$2<=AX60,"OK","") | BC60: =AZ60&BA60&BB60 -> OK | BD60: =IF(BC60="OKOKOK",AY60,0) -> 0 | BF60: TER B: TK/2 TK/3 K/1 K/2 | BG60: 14950001 | BH60: s.d. | BI60: 16400000 | BJ60: 0.06 | BK60: =IF(BF60=BG$2,"OK","") -> OK | BL60: =IF(BH$2>=BG60,"OK","") -> OK | BM60: =IF(BH$2<=BI60,"OK","") | BN60: =BK60&BL60&BM60 -> OKOK | BO60: =IF(BN60="OKOKOK",BJ60,0) -> 0 | BQ60: TER B: TK/2 TK/3 K/1 K/2 | BR60: 14950001 | BS60: s.d. | BT60: 16400000 | BU60: 0.06 | BV60: =IF(BQ60=BR$2,"OK","") | BW60: =IF(BS$2>=BR60,"OK","") -> OK | BX60: =IF(BS$2<=BT60,"OK","") | BY60: =BV60&BW60&BX60 -> OK | BZ60: =IF(BY60="OKOKOK",BU60,0) -> 0 | CB60: TER B: TK/2 TK/3 K/1 K/2 | CC60: 14950001 | CD60: s.d. | CE60: 16400000 | CF60: 0.06 | CG60: =IF(CB60=CC$2,"OK","") | CH60: =IF(CD$2>=CC60,"OK","") -> OK | CI60: =IF(CD$2<=CE60,"OK","") | CJ60: =CG60&CH60&CI60 -> OK | CK60: =IF(CJ60="OKOKOK",CF60,0) -> 0 | CM60: TER B: TK/2 TK/3 K/1 K/2 | CN60: 14950001 | CO60: s.d. | CP60: 16400000 | CQ60: 0.06 | CR60: =IF(CM60=CN$2,"OK","") -> OK | CS60: =IF(CO$2>=CN60,"OK","") -> OK | CT60: =IF(CO$2<=CP60,"OK","") | CU60: =CR60&CS60&CT60 -> OKOK | CV60: =IF(CU60="OKOKOK",CQ60,0) -> 0 | CX60: TER B: TK/2 TK/3 K/1 K/2 | CY60: 14950001 | CZ60: s.d. | DA60: 16400000 | DB60: 0.06 | DC60: =IF(CX60=CY$2,"OK","") | DD60: =IF(CZ$2>=CY60,"OK","") -> OK | DE60: =IF(CZ$2<=DA60,"OK","") | DF60: =DC60&DD60&DE60 -> OK | DG60: =IF(DF60="OKOKOK",DB60,0) -> 0 | DI60: TER B: TK/2 TK/3 K/1 K/2 | DJ60: 14950001 | DK60: s.d. | DL60: 16400000 | DM60: 0.06 | DN60: =IF(DI60=DJ$2,"OK","") | DO60: =IF(DK$2>=DJ60,"OK","") -> OK | DP60: =IF(DK$2<=DL60,"OK","") | DQ60: =DN60&DO60&DP60 -> OK | DR60: =IF(DQ60="OKOKOK",DM60,0) -> 0
... N88: TER B: TK/2 TK/3 K/1 K/2 | O88: 1405000001 | P88: s.d. | Q88: 140500000000 | R88: 0.34 | S88: =IF(N88=O$2,"OK","") | T88: =IF(P$2>=O88,"OK","") | U88: =IF(P$2<=Q88,"OK","") -> OK | V88: =S88&T88&U88 -> OK | W88: =IF(V88="OKOKOK",R88,0) -> 0 | Y88: TER B: TK/2 TK/3 K/1 K/2 | Z88: 1405000001 | AA88: s.d. | AB88: 140500000000 | AC88: 0.34 | AD88: =IF(Y88=Z$2,"OK","") -> OK | AE88: =IF(AA$2>=Z88,"OK","") | AF88: =IF(AA$2<=AB88,"OK","") -> OK | AG88: =AD88&AE88&AF88 -> OKOK | AH88: =IF(AG88="OKOKOK",AC88,0) -> 0 | AJ88: TER B: TK/2 TK/3 K/1 K/2 | AK88: 1405000001 | AL88: s.d. | AM88: 140500000000 | AN88: 0.34 | AO88: =IF(AJ88=AK$2,"OK","") | AP88: =IF(AL$2>=AK88,"OK","") | AQ88: =IF(AL$2<=AM88,"OK","") -> OK | AR88: =AO88&AP88&AQ88 -> OK | AS88: =IF(AR88="OKOKOK",AN88,0) -> 0 | AU88: TER B: TK/2 TK/3 K/1 K/2 | AV88: 1405000001 | AW88: s.d. | AX88: 140500000000 | AY88: 0.34 | AZ88: =IF(AU88=AV$2,"OK","") | BA88: =IF(AW$2>=AV88,"OK","") | BB88: =IF(AW$2<=AX88,"OK","") -> OK | BC88: =AZ88&BA88&BB88 -> OK | BD88: =IF(BC88="OKOKOK",AY88,0) -> 0 | BF88: TER B: TK/2 TK/3 K/1 K/2 | BG88: 1405000001 | BH88: s.d. | BI88: 140500000000 | BJ88: 0.34 | BK88: =IF(BF88=BG$2,"OK","") -> OK | BL88: =IF(BH$2>=BG88,"OK","") | BM88: =IF(BH$2<=BI88,"OK","") -> OK | BN88: =BK88&BL88&BM88 -> OKOK | BO88: =IF(BN88="OKOKOK",BJ88,0) -> 0 | BQ88: TER B: TK/2 TK/3 K/1 K/2 | BR88: 1405000001 | BS88: s.d. | BT88: 140500000000 | BU88: 0.34 | BV88: =IF(BQ88=BR$2,"OK","") | BW88: =IF(BS$2>=BR88,"OK","") | BX88: =IF(BS$2<=BT88,"OK","") -> OK | BY88: =BV88&BW88&BX88 -> OK | BZ88: =IF(BY88="OKOKOK",BU88,0) -> 0 | CB88: TER B: TK/2 TK/3 K/1 K/2 | CC88: 1405000001 | CD88: s.d. | CE88: 140500000000 | CF88: 0.34 | CG88: =IF(CB88=CC$2,"OK","") | CH88: =IF(CD$2>=CC88,"OK","") | CI88: =IF(CD$2<=CE88,"OK","") -> OK | CJ88: =CG88&CH88&CI88 -> OK | CK88: =IF(CJ88="OKOKOK",CF88,0) -> 0 | CM88: TER B: TK/2 TK/3 K/1 K/2 | CN88: 1405000001 | CO88: s.d. | CP88: 140500000000 | CQ88: 0.34 | CR88: =IF(CM88=CN$2,"OK","") -> OK | CS88: =IF(CO$2>=CN88,"OK","") | CT88: =IF(CO$2<=CP88,"OK","") -> OK | CU88: =CR88&CS88&CT88 -> OKOK | CV88: =IF(CU88="OKOKOK",CQ88,0) -> 0 | CX88: TER B: TK/2 TK/3 K/1 K/2 | CY88: 1405000001 | CZ88: s.d. | DA88: 140500000000 | DB88: 0.34 | DC88: =IF(CX88=CY$2,"OK","") | DD88: =IF(CZ$2>=CY88,"OK","") | DE88: =IF(CZ$2<=DA88,"OK","") -> OK | DF88: =DC88&DD88&DE88 -> OK | DG88: =IF(DF88="OKOKOK",DB88,0) -> 0 | DI88: TER B: TK/2 TK/3 K/1 K/2 | DJ88: 1405000001 | DK88: s.d. | DL88: 140500000000 | DM88: 0.34 | DN88: =IF(DI88=DJ$2,"OK","") | DO88: =IF(DK$2>=DJ88,"OK","") | DP88: =IF(DK$2<=DL88,"OK","") -> OK | DQ88: =DN88&DO88&DP88 -> OK | DR88: =IF(DQ88="OKOKOK",DM88,0) -> 0
N89: a | S89: =IF(N89=O$2,"OK","") | T89: =IF(P$2>=O89,"OK","") -> OK | U89: =IF(P$2<=Q89,"OK","") | V89: =S89&T89&U89 -> OK | W89: =IF(V89="OKOKOK",R89,0) -> 0 | Y89: a | AD89: =IF(Y89=Z$2,"OK","") | AE89: =IF(AA$2>=Z89,"OK","") -> OK | AF89: =IF(AA$2<=AB89,"OK","") | AG89: =AD89&AE89&AF89 -> OK | AH89: =IF(AG89="OKOKOK",AC89,0) -> 0 | AJ89: a | AO89: =IF(AJ89=AK$2,"OK","") | AP89: =IF(AL$2>=AK89,"OK","") -> OK | AQ89: =IF(AL$2<=AM89,"OK","") | AR89: =AO89&AP89&AQ89 -> OK | AS89: =IF(AR89="OKOKOK",AN89,0) -> 0 | AU89: a | AZ89: =IF(AU89=AV$2,"OK","") | BA89: =IF(AW$2>=AV89,"OK","") -> OK | BB89: =IF(AW$2<=AX89,"OK","") | BC89: =AZ89&BA89&BB89 -> OK | BD89: =IF(BC89="OKOKOK",AY89,0) -> 0 | BF89: a | BK89: =IF(BF89=BG$2,"OK","") | BL89: =IF(BH$2>=BG89,"OK","") -> OK | BM89: =IF(BH$2<=BI89,"OK","") | BN89: =BK89&BL89&BM89 -> OK | BO89: =IF(BN89="OKOKOK",BJ89,0) -> 0 | BQ89: a | BV89: =IF(BQ89=BR$2,"OK","") | BW89: =IF(BS$2>=BR89,"OK","") -> OK | BX89: =IF(BS$2<=BT89,"OK","") | BY89: =BV89&BW89&BX89 -> OK | BZ89: =IF(BY89="OKOKOK",BU89,0) -> 0 | CB89: a | CG89: =IF(CB89=CC$2,"OK","") | CH89: =IF(CD$2>=CC89,"OK","") -> OK | CI89: =IF(CD$2<=CE89,"OK","") | CJ89: =CG89&CH89&CI89 -> OK | CK89: =IF(CJ89="OKOKOK",CF89,0) -> 0 | CM89: a | CR89: =IF(CM89=CN$2,"OK","") | CS89: =IF(CO$2>=CN89,"OK","") -> OK | CT89: =IF(CO$2<=CP89,"OK","") | CU89: =CR89&CS89&CT89 -> OK | CV89: =IF(CU89="OKOKOK",CQ89,0) -> 0 | CX89: a | DC89: =IF(CX89=CY$2,"OK","") | DD89: =IF(CZ$2>=CY89,"OK","") -> OK | DE89: =IF(CZ$2<=DA89,"OK","") | DF89: =DC89&DD89&DE89 -> OK | DG89: =IF(DF89="OKOKOK",DB89,0) -> 0 | DI89: a | DN89: =IF(DI89=DJ$2,"OK","") | DO89: =IF(DK$2>=DJ89,"OK","") -> OK | DP89: =IF(DK$2<=DL89,"OK","") | DQ89: =DN89&DO89&DP89 -> OK | DR89: =IF(DQ89="OKOKOK",DM89,0) -> 0
N90: TER C: K/3 | O90: 0 | Q90: 6200000 | R90: 0 | S90: =IF(N90=O$2,"OK","") | T90: =IF(P$2>=O90,"OK","") -> OK | U90: =IF(P$2<=Q90,"OK","") | V90: =S90&T90&U90 -> OK | W90: =IF(V90="OKOKOK",R90,0) -> 0 | Y90: TER C: K/3 | Z90: 0 | AB90: 6200000 | AC90: 0 | AD90: =IF(Y90=Z$2,"OK","") | AE90: =IF(AA$2>=Z90,"OK","") -> OK | AF90: =IF(AA$2<=AB90,"OK","") | AG90: =AD90&AE90&AF90 -> OK | AH90: =IF(AG90="OKOKOK",AC90,0) -> 0 | AJ90: TER C: K/3 | AK90: 0 | AM90: 6200000 | AN90: 0 | AO90: =IF(AJ90=AK$2,"OK","") -> OK | AP90: =IF(AL$2>=AK90,"OK","") -> OK | AQ90: =IF(AL$2<=AM90,"OK","") | AR90: =AO90&AP90&AQ90 -> OKOK | AS90: =IF(AR90="OKOKOK",AN90,0) -> 0 | AU90: TER C: K/3 | AV90: 0 | AX90: 6200000 | AY90: 0 | AZ90: =IF(AU90=AV$2,"OK","") | BA90: =IF(AW$2>=AV90,"OK","") -> OK | BB90: =IF(AW$2<=AX90,"OK","") | BC90: =AZ90&BA90&BB90 -> OK | BD90: =IF(BC90="OKOKOK",AY90,0) -> 0 | BF90: TER C: K/3 | BG90: 0 | BI90: 6200000 | BJ90: 0 | BK90: =IF(BF90=BG$2,"OK","") | BL90: =IF(BH$2>=BG90,"OK","") -> OK | BM90: =IF(BH$2<=BI90,"OK","") | BN90: =BK90&BL90&BM90 -> OK | BO90: =IF(BN90="OKOKOK",BJ90,0) -> 0 | BQ90: TER C: K/3 | BR90: 0 | BT90: 6200000 | BU90: 0 | BV90: =IF(BQ90=BR$2,"OK","") -> OK | BW90: =IF(BS$2>=BR90,"OK","") -> OK | BX90: =IF(BS$2<=BT90,"OK","") | BY90: =BV90&BW90&BX90 -> OKOK | BZ90: =IF(BY90="OKOKOK",BU90,0) -> 0 | CB90: TER C: K/3 | CC90: 0 | CE90: 6200000 | CF90: 0 | CG90: =IF(CB90=CC$2,"OK","") | CH90: =IF(CD$2>=CC90,"OK","") -> OK | CI90: =IF(CD$2<=CE90,"OK","") | CJ90: =CG90&CH90&CI90 -> OK | CK90: =IF(CJ90="OKOKOK",CF90,0) -> 0 | CM90: TER C: K/3 | CN90: 0 | CP90: 6200000 | CQ90: 0 | CR90: =IF(CM90=CN$2,"OK","") | CS90: =IF(CO$2>=CN90,"OK","") -> OK | CT90: =IF(CO$2<=CP90,"OK","") | CU90: =CR90&CS90&CT90 -> OK | CV90: =IF(CU90="OKOKOK",CQ90,0) -> 0 | CX90: TER C: K/3 | CY90: 0 | DA90: 6200000 | DB90: 0 | DC90: =IF(CX90=CY$2,"OK","") -> OK | DD90: =IF(CZ$2>=CY90,"OK","") -> OK | DE90: =IF(CZ$2<=DA90,"OK","") | DF90: =DC90&DD90&DE90 -> OKOK | DG90: =IF(DF90="OKOKOK",DB90,0) -> 0 | DI90: TER C: K/3 | DJ90: 0 | DL90: 6200000 | DM90: 0 | DN90: =IF(DI90=DJ$2,"OK","") | DO90: =IF(DK$2>=DJ90,"OK","") -> OK | DP90: =IF(DK$2<=DL90,"OK","") | DQ90: =DN90&DO90&DP90 -> OK | DR90: =IF(DQ90="OKOKOK",DM90,0) -> 0
N91: TER C: K/3 | O91: 6200001 | P91: s.d. | Q91: 6500000 | R91: 0.0025 | S91: =IF(N91=O$2,"OK","") | T91: =IF(P$2>=O91,"OK","") -> OK | U91: =IF(P$2<=Q91,"OK","") | V91: =S91&T91&U91 -> OK | W91: =IF(V91="OKOKOK",R91,0) -> 0 | Y91: TER C: K/3 | Z91: 6200001 | AA91: s.d. | AB91: 6500000 | AC91: 0.0025 | AD91: =IF(Y91=Z$2,"OK","") | AE91: =IF(AA$2>=Z91,"OK","") -> OK | AF91: =IF(AA$2<=AB91,"OK","") | AG91: =AD91&AE91&AF91 -> OK | AH91: =IF(AG91="OKOKOK",AC91,0) -> 0 | AJ91: TER C: K/3 | AK91: 6200001 | AL91: s.d. | AM91: 6500000 | AN91: 0.0025 | AO91: =IF(AJ91=AK$2,"OK","") -> OK | AP91: =IF(AL$2>=AK91,"OK","") -> OK | AQ91: =IF(AL$2<=AM91,"OK","") | AR91: =AO91&AP91&AQ91 -> OKOK | AS91: =IF(AR91="OKOKOK",AN91,0) -> 0 | AU91: TER C: K/3 | AV91: 6200001 | AW91: s.d. | AX91: 6500000 | AY91: 0.0025 | AZ91: =IF(AU91=AV$2,"OK","") | BA91: =IF(AW$2>=AV91,"OK","") -> OK | BB91: =IF(AW$2<=AX91,"OK","") | BC91: =AZ91&BA91&BB91 -> OK | BD91: =IF(BC91="OKOKOK",AY91,0) -> 0 | BF91: TER C: K/3 | BG91: 6200001 | BH91: s.d. | BI91: 6500000 | BJ91: 0.0025 | BK91: =IF(BF91=BG$2,"OK","") | BL91: =IF(BH$2>=BG91,"OK","") -> OK | BM91: =IF(BH$2<=BI91,"OK","") | BN91: =BK91&BL91&BM91 -> OK | BO91: =IF(BN91="OKOKOK",BJ91,0) -> 0 | BQ91: TER C: K/3 | BR91: 6200001 | BS91: s.d. | BT91: 6500000 | BU91: 0.0025 | BV91: =IF(BQ91=BR$2,"OK","") -> OK | BW91: =IF(BS$2>=BR91,"OK","") -> OK | BX91: =IF(BS$2<=BT91,"OK","") | BY91: =BV91&BW91&BX91 -> OKOK | BZ91: =IF(BY91="OKOKOK",BU91,0) -> 0 | CB91: TER C: K/3 | CC91: 6200001 | CD91: s.d. | CE91: 6500000 | CF91: 0.0025 | CG91: =IF(CB91=CC$2,"OK","") | CH91: =IF(CD$2>=CC91,"OK","") -> OK | CI91: =IF(CD$2<=CE91,"OK","") | CJ91: =CG91&CH91&CI91 -> OK | CK91: =IF(CJ91="OKOKOK",CF91,0) -> 0 | CM91: TER C: K/3 | CN91: 6200001 | CO91: s.d. | CP91: 6500000 | CQ91: 0.0025 | CR91: =IF(CM91=CN$2,"OK","") | CS91: =IF(CO$2>=CN91,"OK","") -> OK | CT91: =IF(CO$2<=CP91,"OK","") | CU91: =CR91&CS91&CT91 -> OK | CV91: =IF(CU91="OKOKOK",CQ91,0) -> 0 | CX91: TER C: K/3 | CY91: 6200001 | CZ91: s.d. | DA91: 6500000 | DB91: 0.0025 | DC91: =IF(CX91=CY$2,"OK","") -> OK | DD91: =IF(CZ$2>=CY91,"OK","") -> OK | DE91: =IF(CZ$2<=DA91,"OK","") | DF91: =DC91&DD91&DE91 -> OKOK | DG91: =IF(DF91="OKOKOK",DB91,0) -> 0 | DI91: TER C: K/3 | DJ91: 6200001 | DK91: s.d. | DL91: 6500000 | DM91: 0.0025 | DN91: =IF(DI91=DJ$2,"OK","") | DO91: =IF(DK$2>=DJ91,"OK","") -> OK | DP91: =IF(DK$2<=DL91,"OK","") | DQ91: =DN91&DO91&DP91 -> OK | DR91: =IF(DQ91="OKOKOK",DM91,0) -> 0
N92: TER C: K/3 | O92: 6500001 | P92: s.d. | Q92: 6850000 | R92: 0.005 | S92: =IF(N92=O$2,"OK","") | T92: =IF(P$2>=O92,"OK","") -> OK | U92: =IF(P$2<=Q92,"OK","") | V92: =S92&T92&U92 -> OK | W92: =IF(V92="OKOKOK",R92,0) -> 0 | Y92: TER C: K/3 | Z92: 6500001 | AA92: s.d. | AB92: 6850000 | AC92: 0.005 | AD92: =IF(Y92=Z$2,"OK","") | AE92: =IF(AA$2>=Z92,"OK","") -> OK | AF92: =IF(AA$2<=AB92,"OK","") | AG92: =AD92&AE92&AF92 -> OK | AH92: =IF(AG92="OKOKOK",AC92,0) -> 0 | AJ92: TER C: K/3 | AK92: 6500001 | AL92: s.d. | AM92: 6850000 | AN92: 0.005 | AO92: =IF(AJ92=AK$2,"OK","") -> OK | AP92: =IF(AL$2>=AK92,"OK","") -> OK | AQ92: =IF(AL$2<=AM92,"OK","") | AR92: =AO92&AP92&AQ92 -> OKOK | AS92: =IF(AR92="OKOKOK",AN92,0) -> 0 | AU92: TER C: K/3 | AV92: 6500001 | AW92: s.d. | AX92: 6850000 | AY92: 0.005 | AZ92: =IF(AU92=AV$2,"OK","") | BA92: =IF(AW$2>=AV92,"OK","") -> OK | BB92: =IF(AW$2<=AX92,"OK","") | BC92: =AZ92&BA92&BB92 -> OK | BD92: =IF(BC92="OKOKOK",AY92,0) -> 0 | BF92: TER C: K/3 | BG92: 6500001 | BH92: s.d. | BI92: 6850000 | BJ92: 0.005 | BK92: =IF(BF92=BG$2,"OK","") | BL92: =IF(BH$2>=BG92,"OK","") -> OK | BM92: =IF(BH$2<=BI92,"OK","") | BN92: =BK92&BL92&BM92 -> OK | BO92: =IF(BN92="OKOKOK",BJ92,0) -> 0 | BQ92: TER C: K/3 | BR92: 6500001 | BS92: s.d. | BT92: 6850000 | BU92: 0.005 | BV92: =IF(BQ92=BR$2,"OK","") -> OK | BW92: =IF(BS$2>=BR92,"OK","") -> OK | BX92: =IF(BS$2<=BT92,"OK","") | BY92: =BV92&BW92&BX92 -> OKOK | BZ92: =IF(BY92="OKOKOK",BU92,0) -> 0 | CB92: TER C: K/3 | CC92: 6500001 | CD92: s.d. | CE92: 6850000 | CF92: 0.005 | CG92: =IF(CB92=CC$2,"OK","") | CH92: =IF(CD$2>=CC92,"OK","") -> OK | CI92: =IF(CD$2<=CE92,"OK","") | CJ92: =CG92&CH92&CI92 -> OK | CK92: =IF(CJ92="OKOKOK",CF92,0) -> 0 | CM92: TER C: K/3 | CN92: 6500001 | CO92: s.d. | CP92: 6850000 | CQ92: 0.005 | CR92: =IF(CM92=CN$2,"OK","") | CS92: =IF(CO$2>=CN92,"OK","") -> OK | CT92: =IF(CO$2<=CP92,"OK","") | CU92: =CR92&CS92&CT92 -> OK | CV92: =IF(CU92="OKOKOK",CQ92,0) -> 0 | CX92: TER C: K/3 | CY92: 6500001 | CZ92: s.d. | DA92: 6850000 | DB92: 0.005 | DC92: =IF(CX92=CY$2,"OK","") -> OK | DD92: =IF(CZ$2>=CY92,"OK","") -> OK | DE92: =IF(CZ$2<=DA92,"OK","") | DF92: =DC92&DD92&DE92 -> OKOK | DG92: =IF(DF92="OKOKOK",DB92,0) -> 0 | DI92: TER C: K/3 | DJ92: 6500001 | DK92: s.d. | DL92: 6850000 | DM92: 0.005 | DN92: =IF(DI92=DJ$2,"OK","") | DO92: =IF(DK$2>=DJ92,"OK","") -> OK | DP92: =IF(DK$2<=DL92,"OK","") | DQ92: =DN92&DO92&DP92 -> OK | DR92: =IF(DQ92="OKOKOK",DM92,0) -> 0
N93: TER C: K/3 | O93: 6850001 | P93: s.d. | Q93: 7300000 | R93: 0.0075 | S93: =IF(N93=O$2,"OK","") | T93: =IF(P$2>=O93,"OK","") -> OK | U93: =IF(P$2<=Q93,"OK","") | V93: =S93&T93&U93 -> OK | W93: =IF(V93="OKOKOK",R93,0) -> 0 | Y93: TER C: K/3 | Z93: 6850001 | AA93: s.d. | AB93: 7300000 | AC93: 0.0075 | AD93: =IF(Y93=Z$2,"OK","") | AE93: =IF(AA$2>=Z93,"OK","") -> OK | AF93: =IF(AA$2<=AB93,"OK","") | AG93: =AD93&AE93&AF93 -> OK | AH93: =IF(AG93="OKOKOK",AC93,0) -> 0 | AJ93: TER C: K/3 | AK93: 6850001 | AL93: s.d. | AM93: 7300000 | AN93: 0.0075 | AO93: =IF(AJ93=AK$2,"OK","") -> OK | AP93: =IF(AL$2>=AK93,"OK","") -> OK | AQ93: =IF(AL$2<=AM93,"OK","") | AR93: =AO93&AP93&AQ93 -> OKOK | AS93: =IF(AR93="OKOKOK",AN93,0) -> 0 | AU93: TER C: K/3 | AV93: 6850001 | AW93: s.d. | AX93: 7300000 | AY93: 0.0075 | AZ93: =IF(AU93=AV$2,"OK","") | BA93: =IF(AW$2>=AV93,"OK","") -> OK | BB93: =IF(AW$2<=AX93,"OK","") | BC93: =AZ93&BA93&BB93 -> OK | BD93: =IF(BC93="OKOKOK",AY93,0) -> 0 | BF93: TER C: K/3 | BG93: 6850001 | BH93: s.d. | BI93: 7300000 | BJ93: 0.0075 | BK93: =IF(BF93=BG$2,"OK","") | BL93: =IF(BH$2>=BG93,"OK","") -> OK | BM93: =IF(BH$2<=BI93,"OK","") | BN93: =BK93&BL93&BM93 -> OK | BO93: =IF(BN93="OKOKOK",BJ93,0) -> 0 | BQ93: TER C: K/3 | BR93: 6850001 | BS93: s.d. | BT93: 7300000 | BU93: 0.0075 | BV93: =IF(BQ93=BR$2,"OK","") -> OK | BW93: =IF(BS$2>=BR93,"OK","") -> OK | BX93: =IF(BS$2<=BT93,"OK","") | BY93: =BV93&BW93&BX93 -> OKOK | BZ93: =IF(BY93="OKOKOK",BU93,0) -> 0 | CB93: TER C: K/3 | CC93: 6850001 | CD93: s.d. | CE93: 7300000 | CF93: 0.0075 | CG93: =IF(CB93=CC$2,"OK","") | CH93: =IF(CD$2>=CC93,"OK","") -> OK | CI93: =IF(CD$2<=CE93,"OK","") | CJ93: =CG93&CH93&CI93 -> OK | CK93: =IF(CJ93="OKOKOK",CF93,0) -> 0 | CM93: TER C: K/3 | CN93: 6850001 | CO93: s.d. | CP93: 7300000 | CQ93: 0.0075 | CR93: =IF(CM93=CN$2,"OK","") | CS93: =IF(CO$2>=CN93,"OK","") -> OK | CT93: =IF(CO$2<=CP93,"OK","") | CU93: =CR93&CS93&CT93 -> OK | CV93: =IF(CU93="OKOKOK",CQ93,0) -> 0 | CX93: TER C: K/3 | CY93: 6850001 | CZ93: s.d. | DA93: 7300000 | DB93: 0.0075 | DC93: =IF(CX93=CY$2,"OK","") -> OK | DD93: =IF(CZ$2>=CY93,"OK","") -> OK | DE93: =IF(CZ$2<=DA93,"OK","") | DF93: =DC93&DD93&DE93 -> OKOK | DG93: =IF(DF93="OKOKOK",DB93,0) -> 0 | DI93: TER C: K/3 | DJ93: 6850001 | DK93: s.d. | DL93: 7300000 | DM93: 0.0075 | DN93: =IF(DI93=DJ$2,"OK","") | DO93: =IF(DK$2>=DJ93,"OK","") -> OK | DP93: =IF(DK$2<=DL93,"OK","") | DQ93: =DN93&DO93&DP93 -> OK | DR93: =IF(DQ93="OKOKOK",DM93,0) -> 0
N94: TER C: K/3 | O94: 7300001 | P94: s.d. | Q94: 9200000 | R94: 0.01 | S94: =IF(N94=O$2,"OK","") | T94: =IF(P$2>=O94,"OK","") -> OK | U94: =IF(P$2<=Q94,"OK","") | V94: =S94&T94&U94 -> OK | W94: =IF(V94="OKOKOK",R94,0) -> 0 | Y94: TER C: K/3 | Z94: 7300001 | AA94: s.d. | AB94: 9200000 | AC94: 0.01 | AD94: =IF(Y94=Z$2,"OK","") | AE94: =IF(AA$2>=Z94,"OK","") -> OK | AF94: =IF(AA$2<=AB94,"OK","") | AG94: =AD94&AE94&AF94 -> OK | AH94: =IF(AG94="OKOKOK",AC94,0) -> 0 | AJ94: TER C: K/3 | AK94: 7300001 | AL94: s.d. | AM94: 9200000 | AN94: 0.01 | AO94: =IF(AJ94=AK$2,"OK","") -> OK | AP94: =IF(AL$2>=AK94,"OK","") -> OK | AQ94: =IF(AL$2<=AM94,"OK","") | AR94: =AO94&AP94&AQ94 -> OKOK | AS94: =IF(AR94="OKOKOK",AN94,0) -> 0 | AU94: TER C: K/3 | AV94: 7300001 | AW94: s.d. | AX94: 9200000 | AY94: 0.01 | AZ94: =IF(AU94=AV$2,"OK","") | BA94: =IF(AW$2>=AV94,"OK","") -> OK | BB94: =IF(AW$2<=AX94,"OK","") | BC94: =AZ94&BA94&BB94 -> OK | BD94: =IF(BC94="OKOKOK",AY94,0) -> 0 | BF94: TER C: K/3 | BG94: 7300001 | BH94: s.d. | BI94: 9200000 | BJ94: 0.01 | BK94: =IF(BF94=BG$2,"OK","") | BL94: =IF(BH$2>=BG94,"OK","") -> OK | BM94: =IF(BH$2<=BI94,"OK","") | BN94: =BK94&BL94&BM94 -> OK | BO94: =IF(BN94="OKOKOK",BJ94,0) -> 0 | BQ94: TER C: K/3 | BR94: 7300001 | BS94: s.d. | BT94: 9200000 | BU94: 0.01 | BV94: =IF(BQ94=BR$2,"OK","") -> OK | BW94: =IF(BS$2>=BR94,"OK","") -> OK | BX94: =IF(BS$2<=BT94,"OK","") | BY94: =BV94&BW94&BX94 -> OKOK | BZ94: =IF(BY94="OKOKOK",BU94,0) -> 0 | CB94: TER C: K/3 | CC94: 7300001 | CD94: s.d. | CE94: 9200000 | CF94: 0.01 | CG94: =IF(CB94=CC$2,"OK","") | CH94: =IF(CD$2>=CC94,"OK","") -> OK | CI94: =IF(CD$2<=CE94,"OK","") | CJ94: =CG94&CH94&CI94 -> OK | CK94: =IF(CJ94="OKOKOK",CF94,0) -> 0 | CM94: TER C: K/3 | CN94: 7300001 | CO94: s.d. | CP94: 9200000 | CQ94: 0.01 | CR94: =IF(CM94=CN$2,"OK","") | CS94: =IF(CO$2>=CN94,"OK","") -> OK | CT94: =IF(CO$2<=CP94,"OK","") | CU94: =CR94&CS94&CT94 -> OK | CV94: =IF(CU94="OKOKOK",CQ94,0) -> 0 | CX94: TER C: K/3 | CY94: 7300001 | CZ94: s.d. | DA94: 9200000 | DB94: 0.01 | DC94: =IF(CX94=CY$2,"OK","") -> OK | DD94: =IF(CZ$2>=CY94,"OK","") -> OK | DE94: =IF(CZ$2<=DA94,"OK","") | DF94: =DC94&DD94&DE94 -> OKOK | DG94: =IF(DF94="OKOKOK",DB94,0) -> 0 | DI94: TER C: K/3 | DJ94: 7300001 | DK94: s.d. | DL94: 9200000 | DM94: 0.01 | DN94: =IF(DI94=DJ$2,"OK","") | DO94: =IF(DK$2>=DJ94,"OK","") -> OK | DP94: =IF(DK$2<=DL94,"OK","") | DQ94: =DN94&DO94&DP94 -> OK | DR94: =IF(DQ94="OKOKOK",DM94,0) -> 0
N95: TER C: K/3 | O95: 9200001 | P95: s.d. | Q95: 10750000 | R95: 0.015 | S95: =IF(N95=O$2,"OK","") | T95: =IF(P$2>=O95,"OK","") -> OK | U95: =IF(P$2<=Q95,"OK","") -> OK | V95: =S95&T95&U95 -> OKOK | W95: =IF(V95="OKOKOK",R95,0) -> 0 | Y95: TER C: K/3 | Z95: 9200001 | AA95: s.d. | AB95: 10750000 | AC95: 0.015 | AD95: =IF(Y95=Z$2,"OK","") | AE95: =IF(AA$2>=Z95,"OK","") -> OK | AF95: =IF(AA$2<=AB95,"OK","") | AG95: =AD95&AE95&AF95 -> OK | AH95: =IF(AG95="OKOKOK",AC95,0) -> 0 | AJ95: TER C: K/3 | AK95: 9200001 | AL95: s.d. | AM95: 10750000 | AN95: 0.015 | AO95: =IF(AJ95=AK$2,"OK","") -> OK | AP95: =IF(AL$2>=AK95,"OK","") -> OK | AQ95: =IF(AL$2<=AM95,"OK","") | AR95: =AO95&AP95&AQ95 -> OKOK | AS95: =IF(AR95="OKOKOK",AN95,0) -> 0 | AU95: TER C: K/3 | AV95: 9200001 | AW95: s.d. | AX95: 10750000 | AY95: 0.015 | AZ95: =IF(AU95=AV$2,"OK","") | BA95: =IF(AW$2>=AV95,"OK","") -> OK | BB95: =IF(AW$2<=AX95,"OK","") | BC95: =AZ95&BA95&BB95 -> OK | BD95: =IF(BC95="OKOKOK",AY95,0) -> 0 | BF95: TER C: K/3 | BG95: 9200001 | BH95: s.d. | BI95: 10750000 | BJ95: 0.015 | BK95: =IF(BF95=BG$2,"OK","") | BL95: =IF(BH$2>=BG95,"OK","") -> OK | BM95: =IF(BH$2<=BI95,"OK","") | BN95: =BK95&BL95&BM95 -> OK | BO95: =IF(BN95="OKOKOK",BJ95,0) -> 0 | BQ95: TER C: K/3 | BR95: 9200001 | BS95: s.d. | BT95: 10750000 | BU95: 0.015 | BV95: =IF(BQ95=BR$2,"OK","") -> OK | BW95: =IF(BS$2>=BR95,"OK","") -> OK | BX95: =IF(BS$2<=BT95,"OK","") | BY95: =BV95&BW95&BX95 -> OKOK | BZ95: =IF(BY95="OKOKOK",BU95,0) -> 0 | CB95: TER C: K/3 | CC95: 9200001 | CD95: s.d. | CE95: 10750000 | CF95: 0.015 | CG95: =IF(CB95=CC$2,"OK","") | CH95: =IF(CD$2>=CC95,"OK","") -> OK | CI95: =IF(CD$2<=CE95,"OK","") | CJ95: =CG95&CH95&CI95 -> OK | CK95: =IF(CJ95="OKOKOK",CF95,0) -> 0 | CM95: TER C: K/3 | CN95: 9200001 | CO95: s.d. | CP95: 10750000 | CQ95: 0.015 | CR95: =IF(CM95=CN$2,"OK","") | CS95: =IF(CO$2>=CN95,"OK","") -> OK | CT95: =IF(CO$2<=CP95,"OK","") | CU95: =CR95&CS95&CT95 -> OK | CV95: =IF(CU95="OKOKOK",CQ95,0) -> 0 | CX95: TER C: K/3 | CY95: 9200001 | CZ95: s.d. | DA95: 10750000 | DB95: 0.015 | DC95: =IF(CX95=CY$2,"OK","") -> OK | DD95: =IF(CZ$2>=CY95,"OK","") -> OK | DE95: =IF(CZ$2<=DA95,"OK","") | DF95: =DC95&DD95&DE95 -> OKOK | DG95: =IF(DF95="OKOKOK",DB95,0) -> 0 | DI95: TER C: K/3 | DJ95: 9200001 | DK95: s.d. | DL95: 10750000 | DM95: 0.015 | DN95: =IF(DI95=DJ$2,"OK","") | DO95: =IF(DK$2>=DJ95,"OK","") -> OK | DP95: =IF(DK$2<=DL95,"OK","") | DQ95: =DN95&DO95&DP95 -> OK | DR95: =IF(DQ95="OKOKOK",DM95,0) -> 0
N96: TER C: K/3 | O96: 10750001 | P96: s.d. | Q96: 11250000 | R96: 0.02 | S96: =IF(N96=O$2,"OK","") | T96: =IF(P$2>=O96,"OK","") | U96: =IF(P$2<=Q96,"OK","") -> OK | V96: =S96&T96&U96 -> OK | W96: =IF(V96="OKOKOK",R96,0) -> 0 | Y96: TER C: K/3 | Z96: 10750001 | AA96: s.d. | AB96: 11250000 | AC96: 0.02 | AD96: =IF(Y96=Z$2,"OK","") | AE96: =IF(AA$2>=Z96,"OK","") -> OK | AF96: =IF(AA$2<=AB96,"OK","") | AG96: =AD96&AE96&AF96 -> OK | AH96: =IF(AG96="OKOKOK",AC96,0) -> 0 | AJ96: TER C: K/3 | AK96: 10750001 | AL96: s.d. | AM96: 11250000 | AN96: 0.02 | AO96: =IF(AJ96=AK$2,"OK","") -> OK | AP96: =IF(AL$2>=AK96,"OK","") -> OK | AQ96: =IF(AL$2<=AM96,"OK","") | AR96: =AO96&AP96&AQ96 -> OKOK | AS96: =IF(AR96="OKOKOK",AN96,0) -> 0 | AU96: TER C: K/3 | AV96: 10750001 | AW96: s.d. | AX96: 11250000 | AY96: 0.02 | AZ96: =IF(AU96=AV$2,"OK","") | BA96: =IF(AW$2>=AV96,"OK","") -> OK | BB96: =IF(AW$2<=AX96,"OK","") | BC96: =AZ96&BA96&BB96 -> OK | BD96: =IF(BC96="OKOKOK",AY96,0) -> 0 | BF96: TER C: K/3 | BG96: 10750001 | BH96: s.d. | BI96: 11250000 | BJ96: 0.02 | BK96: =IF(BF96=BG$2,"OK","") | BL96: =IF(BH$2>=BG96,"OK","") -> OK | BM96: =IF(BH$2<=BI96,"OK","") | BN96: =BK96&BL96&BM96 -> OK | BO96: =IF(BN96="OKOKOK",BJ96,0) -> 0 | BQ96: TER C: K/3 | BR96: 10750001 | BS96: s.d. | BT96: 11250000 | BU96: 0.02 | BV96: =IF(BQ96=BR$2,"OK","") -> OK | BW96: =IF(BS$2>=BR96,"OK","") -> OK | BX96: =IF(BS$2<=BT96,"OK","") | BY96: =BV96&BW96&BX96 -> OKOK | BZ96: =IF(BY96="OKOKOK",BU96,0) -> 0 | CB96: TER C: K/3 | CC96: 10750001 | CD96: s.d. | CE96: 11250000 | CF96: 0.02 | CG96: =IF(CB96=CC$2,"OK","") | CH96: =IF(CD$2>=CC96,"OK","") -> OK | CI96: =IF(CD$2<=CE96,"OK","") | CJ96: =CG96&CH96&CI96 -> OK | CK96: =IF(CJ96="OKOKOK",CF96,0) -> 0 | CM96: TER C: K/3 | CN96: 10750001 | CO96: s.d. | CP96: 11250000 | CQ96: 0.02 | CR96: =IF(CM96=CN$2,"OK","") | CS96: =IF(CO$2>=CN96,"OK","") -> OK | CT96: =IF(CO$2<=CP96,"OK","") | CU96: =CR96&CS96&CT96 -> OK | CV96: =IF(CU96="OKOKOK",CQ96,0) -> 0 | CX96: TER C: K/3 | CY96: 10750001 | CZ96: s.d. | DA96: 11250000 | DB96: 0.02 | DC96: =IF(CX96=CY$2,"OK","") -> OK | DD96: =IF(CZ$2>=CY96,"OK","") -> OK | DE96: =IF(CZ$2<=DA96,"OK","") | DF96: =DC96&DD96&DE96 -> OKOK | DG96: =IF(DF96="OKOKOK",DB96,0) -> 0 | DI96: TER C: K/3 | DJ96: 10750001 | DK96: s.d. | DL96: 11250000 | DM96: 0.02 | DN96: =IF(DI96=DJ$2,"OK","") | DO96: =IF(DK$2>=DJ96,"OK","") -> OK | DP96: =IF(DK$2<=DL96,"OK","") | DQ96: =DN96&DO96&DP96 -> OK | DR96: =IF(DQ96="OKOKOK",DM96,0) -> 0
N97: TER C: K/3 | O97: 11250001 | P97: s.d. | Q97: 11600000 | R97: 0.025 | S97: =IF(N97=O$2,"OK","") | T97: =IF(P$2>=O97,"OK","") | U97: =IF(P$2<=Q97,"OK","") -> OK | V97: =S97&T97&U97 -> OK | W97: =IF(V97="OKOKOK",R97,0) -> 0 | Y97: TER C: K/3 | Z97: 11250001 | AA97: s.d. | AB97: 11600000 | AC97: 0.025 | AD97: =IF(Y97=Z$2,"OK","") | AE97: =IF(AA$2>=Z97,"OK","") -> OK | AF97: =IF(AA$2<=AB97,"OK","") | AG97: =AD97&AE97&AF97 -> OK | AH97: =IF(AG97="OKOKOK",AC97,0) -> 0 | AJ97: TER C: K/3 | AK97: 11250001 | AL97: s.d. | AM97: 11600000 | AN97: 0.025 | AO97: =IF(AJ97=AK$2,"OK","") -> OK | AP97: =IF(AL$2>=AK97,"OK","") -> OK | AQ97: =IF(AL$2<=AM97,"OK","") | AR97: =AO97&AP97&AQ97 -> OKOK | AS97: =IF(AR97="OKOKOK",AN97,0) -> 0 | AU97: TER C: K/3 | AV97: 11250001 | AW97: s.d. | AX97: 11600000 | AY97: 0.025 | AZ97: =IF(AU97=AV$2,"OK","") | BA97: =IF(AW$2>=AV97,"OK","") -> OK | BB97: =IF(AW$2<=AX97,"OK","") | BC97: =AZ97&BA97&BB97 -> OK | BD97: =IF(BC97="OKOKOK",AY97,0) -> 0 | BF97: TER C: K/3 | BG97: 11250001 | BH97: s.d. | BI97: 11600000 | BJ97: 0.025 | BK97: =IF(BF97=BG$2,"OK","") | BL97: =IF(BH$2>=BG97,"OK","") -> OK | BM97: =IF(BH$2<=BI97,"OK","") | BN97: =BK97&BL97&BM97 -> OK | BO97: =IF(BN97="OKOKOK",BJ97,0) -> 0 | BQ97: TER C: K/3 | BR97: 11250001 | BS97: s.d. | BT97: 11600000 | BU97: 0.025 | BV97: =IF(BQ97=BR$2,"OK","") -> OK | BW97: =IF(BS$2>=BR97,"OK","") -> OK | BX97: =IF(BS$2<=BT97,"OK","") | BY97: =BV97&BW97&BX97 -> OKOK | BZ97: =IF(BY97="OKOKOK",BU97,0) -> 0 | CB97: TER C: K/3 | CC97: 11250001 | CD97: s.d. | CE97: 11600000 | CF97: 0.025 | CG97: =IF(CB97=CC$2,"OK","") | CH97: =IF(CD$2>=CC97,"OK","") -> OK | CI97: =IF(CD$2<=CE97,"OK","") | CJ97: =CG97&CH97&CI97 -> OK | CK97: =IF(CJ97="OKOKOK",CF97,0) -> 0 | CM97: TER C: K/3 | CN97: 11250001 | CO97: s.d. | CP97: 11600000 | CQ97: 0.025 | CR97: =IF(CM97=CN$2,"OK","") | CS97: =IF(CO$2>=CN97,"OK","") -> OK | CT97: =IF(CO$2<=CP97,"OK","") | CU97: =CR97&CS97&CT97 -> OK | CV97: =IF(CU97="OKOKOK",CQ97,0) -> 0 | CX97: TER C: K/3 | CY97: 11250001 | CZ97: s.d. | DA97: 11600000 | DB97: 0.025 | DC97: =IF(CX97=CY$2,"OK","") -> OK | DD97: =IF(CZ$2>=CY97,"OK","") -> OK | DE97: =IF(CZ$2<=DA97,"OK","") | DF97: =DC97&DD97&DE97 -> OKOK | DG97: =IF(DF97="OKOKOK",DB97,0) -> 0 | DI97: TER C: K/3 | DJ97: 11250001 | DK97: s.d. | DL97: 11600000 | DM97: 0.025 | DN97: =IF(DI97=DJ$2,"OK","") | DO97: =IF(DK$2>=DJ97,"OK","") -> OK | DP97: =IF(DK$2<=DL97,"OK","") | DQ97: =DN97&DO97&DP97 -> OK | DR97: =IF(DQ97="OKOKOK",DM97,0) -> 0
N98: TER C: K/3 | O98: 11600001 | P98: s.d. | Q98: 12600000 | R98: 0.03 | S98: =IF(N98=O$2,"OK","") | T98: =IF(P$2>=O98,"OK","") | U98: =IF(P$2<=Q98,"OK","") -> OK | V98: =S98&T98&U98 -> OK | W98: =IF(V98="OKOKOK",R98,0) -> 0 | Y98: TER C: K/3 | Z98: 11600001 | AA98: s.d. | AB98: 12600000 | AC98: 0.03 | AD98: =IF(Y98=Z$2,"OK","") | AE98: =IF(AA$2>=Z98,"OK","") -> OK | AF98: =IF(AA$2<=AB98,"OK","") | AG98: =AD98&AE98&AF98 -> OK | AH98: =IF(AG98="OKOKOK",AC98,0) -> 0 | AJ98: TER C: K/3 | AK98: 11600001 | AL98: s.d. | AM98: 12600000 | AN98: 0.03 | AO98: =IF(AJ98=AK$2,"OK","") -> OK | AP98: =IF(AL$2>=AK98,"OK","") -> OK | AQ98: =IF(AL$2<=AM98,"OK","") | AR98: =AO98&AP98&AQ98 -> OKOK | AS98: =IF(AR98="OKOKOK",AN98,0) -> 0 | AU98: TER C: K/3 | AV98: 11600001 | AW98: s.d. | AX98: 12600000 | AY98: 0.03 | AZ98: =IF(AU98=AV$2,"OK","") | BA98: =IF(AW$2>=AV98,"OK","") -> OK | BB98: =IF(AW$2<=AX98,"OK","") | BC98: =AZ98&BA98&BB98 -> OK | BD98: =IF(BC98="OKOKOK",AY98,0) -> 0 | BF98: TER C: K/3 | BG98: 11600001 | BH98: s.d. | BI98: 12600000 | BJ98: 0.03 | BK98: =IF(BF98=BG$2,"OK","") | BL98: =IF(BH$2>=BG98,"OK","") -> OK | BM98: =IF(BH$2<=BI98,"OK","") | BN98: =BK98&BL98&BM98 -> OK | BO98: =IF(BN98="OKOKOK",BJ98,0) -> 0 | BQ98: TER C: K/3 | BR98: 11600001 | BS98: s.d. | BT98: 12600000 | BU98: 0.03 | BV98: =IF(BQ98=BR$2,"OK","") -> OK | BW98: =IF(BS$2>=BR98,"OK","") -> OK | BX98: =IF(BS$2<=BT98,"OK","") | BY98: =BV98&BW98&BX98 -> OKOK | BZ98: =IF(BY98="OKOKOK",BU98,0) -> 0 | CB98: TER C: K/3 | CC98: 11600001 | CD98: s.d. | CE98: 12600000 | CF98: 0.03 | CG98: =IF(CB98=CC$2,"OK","") | CH98: =IF(CD$2>=CC98,"OK","") -> OK | CI98: =IF(CD$2<=CE98,"OK","") | CJ98: =CG98&CH98&CI98 -> OK | CK98: =IF(CJ98="OKOKOK",CF98,0) -> 0 | CM98: TER C: K/3 | CN98: 11600001 | CO98: s.d. | CP98: 12600000 | CQ98: 0.03 | CR98: =IF(CM98=CN$2,"OK","") | CS98: =IF(CO$2>=CN98,"OK","") -> OK | CT98: =IF(CO$2<=CP98,"OK","") | CU98: =CR98&CS98&CT98 -> OK | CV98: =IF(CU98="OKOKOK",CQ98,0) -> 0 | CX98: TER C: K/3 | CY98: 11600001 | CZ98: s.d. | DA98: 12600000 | DB98: 0.03 | DC98: =IF(CX98=CY$2,"OK","") -> OK | DD98: =IF(CZ$2>=CY98,"OK","") -> OK | DE98: =IF(CZ$2<=DA98,"OK","") | DF98: =DC98&DD98&DE98 -> OKOK | DG98: =IF(DF98="OKOKOK",DB98,0) -> 0 | DI98: TER C: K/3 | DJ98: 11600001 | DK98: s.d. | DL98: 12600000 | DM98: 0.03 | DN98: =IF(DI98=DJ$2,"OK","") | DO98: =IF(DK$2>=DJ98,"OK","") -> OK | DP98: =IF(DK$2<=DL98,"OK","") | DQ98: =DN98&DO98&DP98 -> OK | DR98: =IF(DQ98="OKOKOK",DM98,0) -> 0
N99: TER C: K/3 | O99: 12600001 | P99: s.d. | Q99: 13600000 | R99: 0.04 | S99: =IF(N99=O$2,"OK","") | T99: =IF(P$2>=O99,"OK","") | U99: =IF(P$2<=Q99,"OK","") -> OK | V99: =S99&T99&U99 -> OK | W99: =IF(V99="OKOKOK",R99,0) -> 0 | Y99: TER C: K/3 | Z99: 12600001 | AA99: s.d. | AB99: 13600000 | AC99: 0.04 | AD99: =IF(Y99=Z$2,"OK","") | AE99: =IF(AA$2>=Z99,"OK","") -> OK | AF99: =IF(AA$2<=AB99,"OK","") | AG99: =AD99&AE99&AF99 -> OK | AH99: =IF(AG99="OKOKOK",AC99,0) -> 0 | AJ99: TER C: K/3 | AK99: 12600001 | AL99: s.d. | AM99: 13600000 | AN99: 0.04 | AO99: =IF(AJ99=AK$2,"OK","") -> OK | AP99: =IF(AL$2>=AK99,"OK","") -> OK | AQ99: =IF(AL$2<=AM99,"OK","") | AR99: =AO99&AP99&AQ99 -> OKOK | AS99: =IF(AR99="OKOKOK",AN99,0) -> 0 | AU99: TER C: K/3 | AV99: 12600001 | AW99: s.d. | AX99: 13600000 | AY99: 0.04 | AZ99: =IF(AU99=AV$2,"OK","") | BA99: =IF(AW$2>=AV99,"OK","") -> OK | BB99: =IF(AW$2<=AX99,"OK","") | BC99: =AZ99&BA99&BB99 -> OK | BD99: =IF(BC99="OKOKOK",AY99,0) -> 0 | BF99: TER C: K/3 | BG99: 12600001 | BH99: s.d. | BI99: 13600000 | BJ99: 0.04 | BK99: =IF(BF99=BG$2,"OK","") | BL99: =IF(BH$2>=BG99,"OK","") -> OK | BM99: =IF(BH$2<=BI99,"OK","") | BN99: =BK99&BL99&BM99 -> OK | BO99: =IF(BN99="OKOKOK",BJ99,0) -> 0 | BQ99: TER C: K/3 | BR99: 12600001 | BS99: s.d. | BT99: 13600000 | BU99: 0.04 | BV99: =IF(BQ99=BR$2,"OK","") -> OK | BW99: =IF(BS$2>=BR99,"OK","") -> OK | BX99: =IF(BS$2<=BT99,"OK","") | BY99: =BV99&BW99&BX99 -> OKOK | BZ99: =IF(BY99="OKOKOK",BU99,0) -> 0 | CB99: TER C: K/3 | CC99: 12600001 | CD99: s.d. | CE99: 13600000 | CF99: 0.04 | CG99: =IF(CB99=CC$2,"OK","") | CH99: =IF(CD$2>=CC99,"OK","") -> OK | CI99: =IF(CD$2<=CE99,"OK","") | CJ99: =CG99&CH99&CI99 -> OK | CK99: =IF(CJ99="OKOKOK",CF99,0) -> 0 | CM99: TER C: K/3 | CN99: 12600001 | CO99: s.d. | CP99: 13600000 | CQ99: 0.04 | CR99: =IF(CM99=CN$2,"OK","") | CS99: =IF(CO$2>=CN99,"OK","") -> OK | CT99: =IF(CO$2<=CP99,"OK","") | CU99: =CR99&CS99&CT99 -> OK | CV99: =IF(CU99="OKOKOK",CQ99,0) -> 0 | CX99: TER C: K/3 | CY99: 12600001 | CZ99: s.d. | DA99: 13600000 | DB99: 0.04 | DC99: =IF(CX99=CY$2,"OK","") -> OK | DD99: =IF(CZ$2>=CY99,"OK","") -> OK | DE99: =IF(CZ$2<=DA99,"OK","") | DF99: =DC99&DD99&DE99 -> OKOK | DG99: =IF(DF99="OKOKOK",DB99,0) -> 0 | DI99: TER C: K/3 | DJ99: 12600001 | DK99: s.d. | DL99: 13600000 | DM99: 0.04 | DN99: =IF(DI99=DJ$2,"OK","") | DO99: =IF(DK$2>=DJ99,"OK","") -> OK | DP99: =IF(DK$2<=DL99,"OK","") | DQ99: =DN99&DO99&DP99 -> OK | DR99: =IF(DQ99="OKOKOK",DM99,0) -> 0
N100: TER C: K/3 | O100: 13600001 | P100: s.d. | Q100: 14950000 | R100: 0.05 | S100: =IF(N100=O$2,"OK","") | T100: =IF(P$2>=O100,"OK","") | U100: =IF(P$2<=Q100,"OK","") -> OK | V100: =S100&T100&U100 -> OK | W100: =IF(V100="OKOKOK",R100,0) -> 0 | Y100: TER C: K/3 | Z100: 13600001 | AA100: s.d. | AB100: 14950000 | AC100: 0.05 | AD100: =IF(Y100=Z$2,"OK","") | AE100: =IF(AA$2>=Z100,"OK","") -> OK | AF100: =IF(AA$2<=AB100,"OK","") | AG100: =AD100&AE100&AF100 -> OK | AH100: =IF(AG100="OKOKOK",AC100,0) -> 0 | AJ100: TER C: K/3 | AK100: 13600001 | AL100: s.d. | AM100: 14950000 | AN100: 0.05 | AO100: =IF(AJ100=AK$2,"OK","") -> OK | AP100: =IF(AL$2>=AK100,"OK","") -> OK | AQ100: =IF(AL$2<=AM100,"OK","") | AR100: =AO100&AP100&AQ100 -> OKOK | AS100: =IF(AR100="OKOKOK",AN100,0) -> 0 | AU100: TER C: K/3 | AV100: 13600001 | AW100: s.d. | AX100: 14950000 | AY100: 0.05 | AZ100: =IF(AU100=AV$2,"OK","") | BA100: =IF(AW$2>=AV100,"OK","") -> OK | BB100: =IF(AW$2<=AX100,"OK","") | BC100: =AZ100&BA100&BB100 -> OK | BD100: =IF(BC100="OKOKOK",AY100,0) -> 0 | BF100: TER C: K/3 | BG100: 13600001 | BH100: s.d. | BI100: 14950000 | BJ100: 0.05 | BK100: =IF(BF100=BG$2,"OK","") | BL100: =IF(BH$2>=BG100,"OK","") -> OK | BM100: =IF(BH$2<=BI100,"OK","") | BN100: =BK100&BL100&BM100 -> OK | BO100: =IF(BN100="OKOKOK",BJ100,0) -> 0 | BQ100: TER C: K/3 | BR100: 13600001 | BS100: s.d. | BT100: 14950000 | BU100: 0.05 | BV100: =IF(BQ100=BR$2,"OK","") -> OK | BW100: =IF(BS$2>=BR100,"OK","") -> OK | BX100: =IF(BS$2<=BT100,"OK","") | BY100: =BV100&BW100&BX100 -> OKOK | BZ100: =IF(BY100="OKOKOK",BU100,0) -> 0 | CB100: TER C: K/3 | CC100: 13600001 | CD100: s.d. | CE100: 14950000 | CF100: 0.05 | CG100: =IF(CB100=CC$2,"OK","") | CH100: =IF(CD$2>=CC100,"OK","") -> OK | CI100: =IF(CD$2<=CE100,"OK","") | CJ100: =CG100&CH100&CI100 -> OK | CK100: =IF(CJ100="OKOKOK",CF100,0) -> 0 | CM100: TER C: K/3 | CN100: 13600001 | CO100: s.d. | CP100: 14950000 | CQ100: 0.05 | CR100: =IF(CM100=CN$2,"OK","") | CS100: =IF(CO$2>=CN100,"OK","") -> OK | CT100: =IF(CO$2<=CP100,"OK","") | CU100: =CR100&CS100&CT100 -> OK | CV100: =IF(CU100="OKOKOK",CQ100,0) -> 0 | CX100: TER C: K/3 | CY100: 13600001 | CZ100: s.d. | DA100: 14950000 | DB100: 0.05 | DC100: =IF(CX100=CY$2,"OK","") -> OK | DD100: =IF(CZ$2>=CY100,"OK","") -> OK | DE100: =IF(CZ$2<=DA100,"OK","") | DF100: =DC100&DD100&DE100 -> OKOK | DG100: =IF(DF100="OKOKOK",DB100,0) -> 0 | DI100: TER C: K/3 | DJ100: 13600001 | DK100: s.d. | DL100: 14950000 | DM100: 0.05 | DN100: =IF(DI100=DJ$2,"OK","") | DO100: =IF(DK$2>=DJ100,"OK","") -> OK | DP100: =IF(DK$2<=DL100,"OK","") | DQ100: =DN100&DO100&DP100 -> OK | DR100: =IF(DQ100="OKOKOK",DM100,0) -> 0
N101: TER C: K/3 | O101: 14950001 | P101: s.d. | Q101: 16400000 | R101: 0.06 | S101: =IF(N101=O$2,"OK","") | T101: =IF(P$2>=O101,"OK","") | U101: =IF(P$2<=Q101,"OK","") -> OK | V101: =S101&T101&U101 -> OK | W101: =IF(V101="OKOKOK",R101,0) -> 0 | Y101: TER C: K/3 | Z101: 14950001 | AA101: s.d. | AB101: 16400000 | AC101: 0.06 | AD101: =IF(Y101=Z$2,"OK","") | AE101: =IF(AA$2>=Z101,"OK","") -> OK | AF101: =IF(AA$2<=AB101,"OK","") -> OK | AG101: =AD101&AE101&AF101 -> OKOK | AH101: =IF(AG101="OKOKOK",AC101,0) -> 0 | AJ101: TER C: K/3 | AK101: 14950001 | AL101: s.d. | AM101: 16400000 | AN101: 0.06 | AO101: =IF(AJ101=AK$2,"OK","") -> OK | AP101: =IF(AL$2>=AK101,"OK","") -> OK | AQ101: =IF(AL$2<=AM101,"OK","") | AR101: =AO101&AP101&AQ101 -> OKOK | AS101: =IF(AR101="OKOKOK",AN101,0) -> 0 | AU101: TER C: K/3 | AV101: 14950001 | AW101: s.d. | AX101: 16400000 | AY101: 0.06 | AZ101: =IF(AU101=AV$2,"OK","") | BA101: =IF(AW$2>=AV101,"OK","") -> OK | BB101: =IF(AW$2<=AX101,"OK","") | BC101: =AZ101&BA101&BB101 -> OK | BD101: =IF(BC101="OKOKOK",AY101,0) -> 0 | BF101: TER C: K/3 | BG101: 14950001 | BH101: s.d. | BI101: 16400000 | BJ101: 0.06 | BK101: =IF(BF101=BG$2,"OK","") | BL101: =IF(BH$2>=BG101,"OK","") -> OK | BM101: =IF(BH$2<=BI101,"OK","") | BN101: =BK101&BL101&BM101 -> OK | BO101: =IF(BN101="OKOKOK",BJ101,0) -> 0 | BQ101: TER C: K/3 | BR101: 14950001 | BS101: s.d. | BT101: 16400000 | BU101: 0.06 | BV101: =IF(BQ101=BR$2,"OK","") -> OK | BW101: =IF(BS$2>=BR101,"OK","") -> OK | BX101: =IF(BS$2<=BT101,"OK","") | BY101: =BV101&BW101&BX101 -> OKOK | BZ101: =IF(BY101="OKOKOK",BU101,0) -> 0 | CB101: TER C: K/3 | CC101: 14950001 | CD101: s.d. | CE101: 16400000 | CF101: 0.06 | CG101: =IF(CB101=CC$2,"OK","") | CH101: =IF(CD$2>=CC101,"OK","") -> OK | CI101: =IF(CD$2<=CE101,"OK","") | CJ101: =CG101&CH101&CI101 -> OK | CK101: =IF(CJ101="OKOKOK",CF101,0) -> 0 | CM101: TER C: K/3 | CN101: 14950001 | CO101: s.d. | CP101: 16400000 | CQ101: 0.06 | CR101: =IF(CM101=CN$2,"OK","") | CS101: =IF(CO$2>=CN101,"OK","") -> OK | CT101: =IF(CO$2<=CP101,"OK","") | CU101: =CR101&CS101&CT101 -> OK | CV101: =IF(CU101="OKOKOK",CQ101,0) -> 0 | CX101: TER C: K/3 | CY101: 14950001 | CZ101: s.d. | DA101: 16400000 | DB101: 0.06 | DC101: =IF(CX101=CY$2,"OK","") -> OK | DD101: =IF(CZ$2>=CY101,"OK","") -> OK | DE101: =IF(CZ$2<=DA101,"OK","") | DF101: =DC101&DD101&DE101 -> OKOK | DG101: =IF(DF101="OKOKOK",DB101,0) -> 0 | DI101: TER C: K/3 | DJ101: 14950001 | DK101: s.d. | DL101: 16400000 | DM101: 0.06 | DN101: =IF(DI101=DJ$2,"OK","") | DO101: =IF(DK$2>=DJ101,"OK","") -> OK | DP101: =IF(DK$2<=DL101,"OK","") | DQ101: =DN101&DO101&DP101 -> OK | DR101: =IF(DQ101="OKOKOK",DM101,0) -> 0
N102: TER C: K/3 | O102: 16400001 | P102: s.d. | Q102: 18450000 | R102: 0.07 | S102: =IF(N102=O$2,"OK","") | T102: =IF(P$2>=O102,"OK","") | U102: =IF(P$2<=Q102,"OK","") -> OK | V102: =S102&T102&U102 -> OK | W102: =IF(V102="OKOKOK",R102,0) -> 0 | Y102: TER C: K/3 | Z102: 16400001 | AA102: s.d. | AB102: 18450000 | AC102: 0.07 | AD102: =IF(Y102=Z$2,"OK","") | AE102: =IF(AA$2>=Z102,"OK","") | AF102: =IF(AA$2<=AB102,"OK","") -> OK | AG102: =AD102&AE102&AF102 -> OK | AH102: =IF(AG102="OKOKOK",AC102,0) -> 0 | AJ102: TER C: K/3 | AK102: 16400001 | AL102: s.d. | AM102: 18450000 | AN102: 0.07 | AO102: =IF(AJ102=AK$2,"OK","") -> OK | AP102: =IF(AL$2>=AK102,"OK","") -> OK | AQ102: =IF(AL$2<=AM102,"OK","") | AR102: =AO102&AP102&AQ102 -> OKOK | AS102: =IF(AR102="OKOKOK",AN102,0) -> 0 | AU102: TER C: K/3 | AV102: 16400001 | AW102: s.d. | AX102: 18450000 | AY102: 0.07 | AZ102: =IF(AU102=AV$2,"OK","") | BA102: =IF(AW$2>=AV102,"OK","") -> OK | BB102: =IF(AW$2<=AX102,"OK","") | BC102: =AZ102&BA102&BB102 -> OK | BD102: =IF(BC102="OKOKOK",AY102,0) -> 0 | BF102: TER C: K/3 | BG102: 16400001 | BH102: s.d. | BI102: 18450000 | BJ102: 0.07 | BK102: =IF(BF102=BG$2,"OK","") | BL102: =IF(BH$2>=BG102,"OK","") -> OK | BM102: =IF(BH$2<=BI102,"OK","") | BN102: =BK102&BL102&BM102 -> OK | BO102: =IF(BN102="OKOKOK",BJ102,0) -> 0 | BQ102: TER C: K/3 | BR102: 16400001 | BS102: s.d. | BT102: 18450000 | BU102: 0.07 | BV102: =IF(BQ102=BR$2,"OK","") -> OK | BW102: =IF(BS$2>=BR102,"OK","") -> OK | BX102: =IF(BS$2<=BT102,"OK","") | BY102: =BV102&BW102&BX102 -> OKOK | BZ102: =IF(BY102="OKOKOK",BU102,0) -> 0 | CB102: TER C: K/3 | CC102: 16400001 | CD102: s.d. | CE102: 18450000 | CF102: 0.07 | CG102: =IF(CB102=CC$2,"OK","") | CH102: =IF(CD$2>=CC102,"OK","") -> OK | CI102: =IF(CD$2<=CE102,"OK","") | CJ102: =CG102&CH102&CI102 -> OK | CK102: =IF(CJ102="OKOKOK",CF102,0) -> 0 | CM102: TER C: K/3 | CN102: 16400001 | CO102: s.d. | CP102: 18450000 | CQ102: 0.07 | CR102: =IF(CM102=CN$2,"OK","") | CS102: =IF(CO$2>=CN102,"OK","") -> OK | CT102: =IF(CO$2<=CP102,"OK","") | CU102: =CR102&CS102&CT102 -> OK | CV102: =IF(CU102="OKOKOK",CQ102,0) -> 0 | CX102: TER C: K/3 | CY102: 16400001 | CZ102: s.d. | DA102: 18450000 | DB102: 0.07 | DC102: =IF(CX102=CY$2,"OK","") -> OK | DD102: =IF(CZ$2>=CY102,"OK","") -> OK | DE102: =IF(CZ$2<=DA102,"OK","") | DF102: =DC102&DD102&DE102 -> OKOK | DG102: =IF(DF102="OKOKOK",DB102,0) -> 0 | DI102: TER C: K/3 | DJ102: 16400001 | DK102: s.d. | DL102: 18450000 | DM102: 0.07 | DN102: =IF(DI102=DJ$2,"OK","") | DO102: =IF(DK$2>=DJ102,"OK","") -> OK | DP102: =IF(DK$2<=DL102,"OK","") | DQ102: =DN102&DO102&DP102 -> OK | DR102: =IF(DQ102="OKOKOK",DM102,0) -> 0
... N129: TER C: K/3 | O129: 1405000001 | P129: s.d. | Q129: 140500000000 | R129: 0.34 | S129: =IF(N129=O$2,"OK","") | T129: =IF(P$2>=O129,"OK","") | U129: =IF(P$2<=Q129,"OK","") -> OK | V129: =S129&T129&U129 -> OK | W129: =IF(V129="OKOKOK",R129,0) -> 0 | Y129: TER C: K/3 | Z129: 1405000001 | AA129: s.d. | AB129: 140500000000 | AC129: 0.34 | AD129: =IF(Y129=Z$2,"OK","") | AE129: =IF(AA$2>=Z129,"OK","") | AF129: =IF(AA$2<=AB129,"OK","") -> OK | AG129: =AD129&AE129&AF129 -> OK | AH129: =IF(AG129="OKOKOK",AC129,0) -> 0 | AJ129: TER C: K/3 | AK129: 1405000001 | AL129: s.d. | AM129: 140500000000 | AN129: 0.34 | AO129: =IF(AJ129=AK$2,"OK","") -> OK | AP129: =IF(AL$2>=AK129,"OK","") | AQ129: =IF(AL$2<=AM129,"OK","") -> OK | AR129: =AO129&AP129&AQ129 -> OKOK | AS129: =IF(AR129="OKOKOK",AN129,0) -> 0 | AU129: TER C: K/3 | AV129: 1405000001 | AW129: s.d. | AX129: 140500000000 | AY129: 0.34 | AZ129: =IF(AU129=AV$2,"OK","") | BA129: =IF(AW$2>=AV129,"OK","") | BB129: =IF(AW$2<=AX129,"OK","") -> OK | BC129: =AZ129&BA129&BB129 -> OK | BD129: =IF(BC129="OKOKOK",AY129,0) -> 0 | BF129: TER C: K/3 | BG129: 1405000001 | BH129: s.d. | BI129: 140500000000 | BJ129: 0.34 | BK129: =IF(BF129=BG$2,"OK","") | BL129: =IF(BH$2>=BG129,"OK","") | BM129: =IF(BH$2<=BI129,"OK","") -> OK | BN129: =BK129&BL129&BM129 -> OK | BO129: =IF(BN129="OKOKOK",BJ129,0) -> 0 | BQ129: TER C: K/3 | BR129: 1405000001 | BS129: s.d. | BT129: 140500000000 | BU129: 0.34 | BV129: =IF(BQ129=BR$2,"OK","") -> OK | BW129: =IF(BS$2>=BR129,"OK","") | BX129: =IF(BS$2<=BT129,"OK","") -> OK | BY129: =BV129&BW129&BX129 -> OKOK | BZ129: =IF(BY129="OKOKOK",BU129,0) -> 0 | CB129: TER C: K/3 | CC129: 1405000001 | CD129: s.d. | CE129: 140500000000 | CF129: 0.34 | CG129: =IF(CB129=CC$2,"OK","") | CH129: =IF(CD$2>=CC129,"OK","") | CI129: =IF(CD$2<=CE129,"OK","") -> OK | CJ129: =CG129&CH129&CI129 -> OK | CK129: =IF(CJ129="OKOKOK",CF129,0) -> 0 | CM129: TER C: K/3 | CN129: 1405000001 | CO129: s.d. | CP129: 140500000000 | CQ129: 0.34 | CR129: =IF(CM129=CN$2,"OK","") | CS129: =IF(CO$2>=CN129,"OK","") | CT129: =IF(CO$2<=CP129,"OK","") -> OK | CU129: =CR129&CS129&CT129 -> OK | CV129: =IF(CU129="OKOKOK",CQ129,0) -> 0 | CX129: TER C: K/3 | CY129: 1405000001 | CZ129: s.d. | DA129: 140500000000 | DB129: 0.34 | DC129: =IF(CX129=CY$2,"OK","") -> OK | DD129: =IF(CZ$2>=CY129,"OK","") | DE129: =IF(CZ$2<=DA129,"OK","") -> OK | DF129: =DC129&DD129&DE129 -> OKOK | DG129: =IF(DF129="OKOKOK",DB129,0) -> 0 | DI129: TER C: K/3 | DJ129: 1405000001 | DK129: s.d. | DL129: 140500000000 | DM129: 0.34 | DN129: =IF(DI129=DJ$2,"OK","") | DO129: =IF(DK$2>=DJ129,"OK","") | DP129: =IF(DK$2<=DL129,"OK","") -> OK | DQ129: =DN129&DO129&DP129 -> OK | DR129: =IF(DQ129="OKOKOK",DM129,0) -> 0

Sheet Hitung PPh 21, 22, 23, 4(2)
B1: DAFTAR PERHITUNGAN PAJAK | D1: HANYA ISI KOLOM BIRU
C2: isi kolom biru | D2: NILAI KONTRAK (TERMASUK PPN) | E2: Ber NPWP | M2: Jika tidak punya NPWP
A3: Jenis | B3: NO | C3: JENIS KONTRAK | D3: 35000000 | E3: DPP PPH | F3: DPP PPN | G3: PPN | H3: PPH 21 | I3: PPH 22 | J3: PPH 23 | K3: PPh 4 (2) | L3: Transfer ke pihak ke 3 | M3: Cek | N3: jenis pajak | O3: tarif | P3: Nilai | Q3: Transfer ke pihak ke 3
A4: PPh 23 | B4: 1 | C4: JASA | D4: =$D$3 -> 35000000 | E4: =IF($F$14="Orang Pribadi Non PKP",D4,IF($D$3<=2000000,D4*1,D4*'%REF'!E4)) -> 31531532 | F4: =E4*11/12 -> 28903904 | G4: =IF($F$14="Orang Pribadi Non PKP",0,IF(D3<=2000000,0,ROUND(F4*12%,0))) -> 3468468 | J4: =ROUND($E4*'%REF'!I4,0) -> 630631 | L4: =D4-SUM(G4:K4) -> 30900901 | M4: =SUM(G4:L4)=D4 -> TRUE | N4: ='%REF'!K4 -> PPH 23 | O4: ='%REF'!L4 -> 2 | P4: =O4*SUM(H4:K4) -> 1261262 | Q4: =D4-G4-P4 -> 30270270
A5: PPh 22 | B5: 2 | C5: BARANG | D5: =$D$3 -> 35000000 | E5: =IF($F$14="Orang Pribadi Non PKP",D5,IF($D$3<=2000000,D5*1,D5*'%REF'!E5)) -> 31531532 | F5: =E5*11/12 -> 28903904 | G5: =IF($F$14="Orang Pribadi Non PKP",0,IF(D4<=2000000,0,ROUND(F5*12%,0))) -> 3468468 | I5: =IF(D5<=2000000,0,ROUND($E5*'%REF'!H5,0)) -> 472973 | L5: =D5-SUM(G5:K5) -> 31058559 | M5: =SUM(G5:L5)=D5 -> TRUE | N5: ='%REF'!K5 -> PPH 22 | O5: ='%REF'!L5 -> 2 | P5: =O5*SUM(H5:K5) -> 945946 | Q5: =D5-G5-P5 -> 30585586
A6: PPh 21 | B6: 3 | C6: A. HONOR ASN GOL II | D6: =$D$3 -> 35000000 | E6: =IF($F$14="Orang Pribadi Non PKP",D6,IF($D$3<=2000000,D6*1,D6*'%REF'!E6)) -> 35000000 | F6: =E6*11/12 -> 32083333 | H6: =E6*'%REF'!G6 -> 0 | L6: =D6-SUM(G6:K6) -> 35000000 | M6: =SUM(G6:L6)=D6 -> TRUE | N6: ='%REF'!K6 -> PPH 21 | O6: ='%REF'!L6 -> 1.2 | Q6: =D6-G6-P6 -> 35000000
A7: PPh 21 | C7: B. HONOR ASN GOL III | D7: =$D$3 -> 35000000 | E7: =IF($F$14="Orang Pribadi Non PKP",D7,IF($D$3<=2000000,D7*1,D7*'%REF'!E7)) -> 35000000 | F7: =E7*11/12 -> 32083333 | H7: =ROUND($E7*'%REF'!G7,0) -> 1750000 | L7: =D7-SUM(G7:K7) -> 33250000 | M7: =SUM(G7:L7)=D7 -> TRUE | N7: ='%REF'!K7 -> PPH 21 | O7: ='%REF'!L7 -> 1.2 | P7: =O7*SUM(H7:K7) -> 2100000 | Q7: =D7-G7-P7 -> 32900000
A8: PPh 21 | C8: C. HONOR ASN GOL IV | D8: =$D$3 -> 35000000 | E8: =IF($F$14="Orang Pribadi Non PKP",D8,IF($D$3<=2000000,D8*1,D8*'%REF'!E8)) -> 35000000 | F8: =E8*11/12 -> 32083333 | H8: =ROUND($E8*'%REF'!G8,0) -> 5250000 | L8: =D8-SUM(G8:K8) -> 29750000 | M8: =SUM(G8:L8)=D8 -> TRUE | N8: ='%REF'!K8 -> PPH 21 | O8: ='%REF'!L8 -> 1.2 | P8: =O8*SUM(H8:K8) -> 6300000 | Q8: =D8-G8-P8 -> 28700000
A9: PPh 23 | B9: 4 | C9: A. Belanja makan minum dengan menggunakan jasa katering | D9: =$D$3 -> 35000000 | E9: =IF($F$14="Orang Pribadi Non PKP",D9,IF($D$3<=2000000,D9*1,D9*'%REF'!E9)) -> 35000000 | F9: =E9*11/12 -> 32083333 | J9: =ROUND($E9*'%REF'!I9,0) -> 700000 | L9: =D9-SUM(G9:K9) -> 34300000 | M9: =SUM(G9:L9)=D9 -> TRUE | N9: ='%REF'!K9 -> PPH 23 | O9: ='%REF'!L9 -> 2 | P9: =O9*SUM(H9:K9) -> 1400000 | Q9: =D9-G9-P9 -> 33600000
A10: PPh 22 | C10: B. Belanja makan minum yang disajikan di restoran, hotel, warung, rumah makan, dan semacamnya | D10: =$D$3 -> 35000000 | E10: =IF($F$14="Orang Pribadi Non PKP",D10,IF($D$3<=2000000,D10*1,D10*'%REF'!E10)) -> 35000000 | F10: =E10*11/12 -> 32083333 | I10: =IF(D10<=2000000,0,ROUND($E10*'%REF'!H10,0)) -> 525000 | L10: =D10-SUM(G10:K10) -> 34475000 | M10: =SUM(G10:L10)=D10 -> TRUE | N10: ='%REF'!K10 -> PPH 22 | O10: ='%REF'!L10 -> 2 | P10: =O10*SUM(H10:K10) -> 1050000 | Q10: =D10-G10-P10 -> 33950000
A11: PPh 22 | C11: C. Belanja makanan dan minuman di toko atau minimarket atau semacamnya | D11: =$D$3 -> 35000000 | E11: =IF($F$14="Orang Pribadi Non PKP",D11,IF($D$3<=2000000,D11*1,D11*'%REF'!E11)) -> 31531532 | F11: =E11*11/12 -> 28903904 | G11: =IF($F$14="Orang Pribadi Non PKP",0,IF(D10<=2000000,0,ROUND(F11*12%,0))) -> 3468468 | I11: =IF(D11<=2000000,0,ROUND($E11*'%REF'!H11,0)) -> 472973 | L11: =D11-SUM(G11:K11) -> 31058559 | M11: =SUM(G11:L11)=D11 -> TRUE | N11: ='%REF'!K11 -> PPH 22 | O11: ='%REF'!L11 -> 2 | P11: =O11*SUM(H11:K11) -> 945946 | Q11: =D11-G11-P11 -> 30585586
A12: PPh 22 | B12: 5 | C12: Belanja pada Sistem Informasi Pengadaan Pemerintah (SIPP), misal: SIPLAH, E-KATALOG, TOKO DARING | D12: =$D$3 -> 35000000 | E12: =IF($F$14="Orang Pribadi Non PKP",D12,IF($D$3<=2000000,D12*1,D12*'%REF'!E12)) -> 31531532 | F12: =E12*11/12 -> 28903904 | G12: =IF($F$14="Orang Pribadi Non PKP",0,IF(D11<=2000000,0,ROUND(F12*12%,0))) -> 3468468 | I12: =IF(D12<=2000000,0,ROUND($E12*'%REF'!H12,0)) -> 157658 | L12: =D12-SUM(G12:K12) -> 31373874 | M12: =SUM(G12:L12)=D12 -> TRUE | N12: ='%REF'!K12 -> PPH 22 | O12: ='%REF'!L12 -> 2 | P12: =O12*SUM(H12:K12) -> 315316 | Q12: =D12-G12-P12 -> 31216216
E14: Penjual/Penyedia PKP? | F14: Ya, Pengusaha Kena Pajak
D15: NILAI KONTRAK (TERMASUK PPN)
A16: Jenis | B16: NO | C16: JENIS KONTRAK | D16: 20000000 | E16: DPP PPH | F16: DPP PPN | G16: PPN | H16: PPH 21 | I16: PPH 22 | J16: PPH 23 | K16: PPh 4 (2) | L16: Transfer ke pihak ke 3 | N16: jenis pajak | O16: tarif | P16: Nilai | Q16: Transfer ke pihak ke 3
A17: PPh 4 (2) | B17: 1 | C17: Pekerjaan Konstruksi (Memiliki Sertifikasi Kualifikasi Kecil/Perorangan) | D17: =$D$16 -> 20000000 | E17: =IF($F$14="Orang Pribadi Non PKP",D17,D17*'%REF'!E17) -> 18018018 | F17: =E17*11/12 -> 16516517 | G17: =IF($F$14="Orang Pribadi Non PKP",0,ROUNDDOWN(F17*12%,0)) -> 1981981 | K17: =ROUNDDOWN($E17*'%REF'!J17,0) -> 315315 | L17: =D17-SUM(G17:K17) -> 17702704 | M17: =SUM(G17:L17)=D17 -> TRUE | N17: PPh 4 (2) | O17: ='%REF'!L17 -> 1 | P17: =O17*SUM(H17:K17) -> 315315 | Q17: =D17-G17-P17 -> 17702704
A18: PPh 4 (2) | B18: 2 | C18: Pekerjaan Konstruksi (Tidak Memiliki Sertifikasi Kualifikasi) | D18: =$D$16 -> 20000000 | E18: =IF($F$14="Orang Pribadi Non PKP",D18,D18*'%REF'!E18) -> 18018018 | F18: =E18*11/12 -> 16516517 | G18: =IF($F$14="Orang Pribadi Non PKP",0,ROUNDDOWN(F18*12%,0)) -> 1981981 | K18: =ROUNDDOWN($E18*'%REF'!J18,0) -> 720720 | L18: =D18-SUM(G18:K18) -> 17297299 | M18: =SUM(G18:L18)=D18 -> TRUE | N18: PPh 4 (2) | O18: ='%REF'!L18 -> 1 | P18: =O18*SUM(H18:K18) -> 720720 | Q18: =D18-G18-P18 -> 17297299
A19: PPh 4 (2) | B19: 3 | C19: Pekerjaan Konstruksi (Memiliki Sertifikasi selain Kualifikasi kecil) | D19: =$D$16 -> 20000000 | E19: =IF($F$14="Orang Pribadi Non PKP",D19,D19*'%REF'!E19) -> 18018018 | F19: =E19*11/12 -> 16516517 | G19: =IF($F$14="Orang Pribadi Non PKP",0,ROUNDDOWN(F19*12%,0)) -> 1981981 | K19: =ROUNDDOWN($E19*'%REF'!J19,0) -> 477477 | L19: =D19-SUM(G19:K19) -> 17540542 | M19: =SUM(G19:L19)=D19 -> TRUE | N19: PPh 4 (2) | O19: ='%REF'!L19 -> 1 | P19: =O19*SUM(H19:K19) -> 477477 | Q19: =D19-G19-P19 -> 17540542
A20: PPh 4 (2) | B20: 4 | C20: Pekerjaan Konstruksi Terintegrasi (Memiliki sertifikasi) | D20: =$D$16 -> 20000000 | E20: =IF($F$14="Orang Pribadi Non PKP",D20,D20*'%REF'!E20) -> 18018018 | F20: =E20*11/12 -> 16516517 | G20: =IF($F$14="Orang Pribadi Non PKP",0,ROUNDDOWN(F20*12%,0)) -> 1981981 | K20: =ROUNDDOWN($E20*'%REF'!J20,0) -> 477477 | L20: =D20-SUM(G20:K20) -> 17540542 | M20: =SUM(G20:L20)=D20 -> TRUE | N20: PPh 4 (2) | O20: ='%REF'!L20 -> 1 | P20: =O20*SUM(H20:K20) -> 477477 | Q20: =D20-G20-P20 -> 17540542
A21: PPh 4 (2) | B21: 5 | C21: Pekerjaan Konstruksi Terintegrasi (Tidak Memiliki sertifikasi) | D21: =$D$16 -> 20000000 | E21: =IF($F$14="Orang Pribadi Non PKP",D21,D21*'%REF'!E21) -> 18018018 | F21: =E21*11/12 -> 16516517 | G21: =IF($F$14="Orang Pribadi Non PKP",0,ROUNDDOWN(F21*12%,0)) -> 1981981 | K21: =ROUNDDOWN($E21*'%REF'!J21,0) -> 720720 | L21: =D21-SUM(G21:K21) -> 17297299 | M21: =SUM(G21:L21)=D21 -> TRUE | N21: PPh 4 (2) | O21: ='%REF'!L21 -> 1 | P21: =O21*SUM(H21:K21) -> 720720 | Q21: =D21-G21-P21 -> 17297299
A22: PPh 4 (2) | B22: 6 | C22: Konsultansi Konstruksi (Memiliki Sertifikasi) | D22: =$D$16 -> 20000000 | E22: =IF($F$14="Orang Pribadi Non PKP",D22,D22*'%REF'!E22) -> 18018018 | F22: =E22*11/12 -> 16516517 | G22: =IF($F$14="Orang Pribadi Non PKP",0,ROUNDDOWN(F22*12%,0)) -> 1981981 | K22: =ROUNDDOWN($E22*'%REF'!J22,0) -> 630630 | L22: =D22-SUM(G22:K22) -> 17387389 | M22: =SUM(G22:L22)=D22 -> TRUE | N22: PPh 4 (2) | O22: ='%REF'!L22 -> 1 | P22: =O22*SUM(H22:K22) -> 630630 | Q22: =D22-G22-P22 -> 17387389
A23: PPh 4 (2) | B23: 7 | C23: Konsultansi Konstruksi (Tidak Memiliki Sertifikasi) | D23: =$D$16 -> 20000000 | E23: =IF($F$14="Orang Pribadi Non PKP",D23,D23*'%REF'!E23) -> 18018018 | F23: =E23*11/12 -> 16516517 | G23: =IF($F$14="Orang Pribadi Non PKP",0,ROUNDDOWN(F23*12%,0)) -> 1981981 | K23: =ROUNDDOWN($E23*'%REF'!J23,0) -> 1081081 | L23: =D23-SUM(G23:K23) -> 16936938 | M23: =SUM(G23:L23)=D23 -> TRUE | N23: PPh 4 (2) | O23: ='%REF'!L23 -> 1 | P23: =O23*SUM(H23:K23) -> 1081081 | Q23: =D23-G23-P23 -> 16936938
A24: PPh 4 (2) | B24: 8 | C24: Sewa Gedung, Tanah, Gedung Pertemuan | D24: =$D$16 -> 20000000 | E24: =IF($F$14="Orang Pribadi Non PKP",D24,D24*'%REF'!E24) -> 18018018 | F24: =E24*11/12 -> 16516517 | G24: =IF($F$14="Orang Pribadi Non PKP",0,ROUNDDOWN(F24*12%,0)) -> 1981981 | K24: =ROUNDDOWN($E24*'%REF'!J24,0) -> 1801801 | L24: =D24-SUM(G24:K24) -> 16216218 | M24: =SUM(G24:L24)=D24 -> TRUE | N24: PPh 4 (2) | O24: ='%REF'!L24 -> 1 | P24: =O24*SUM(H24:K24) -> 1801801 | Q24: =D24-G24-P24 -> 16216218
A25: PPh 4 (2) | B25: 9 | C25: Transaksi dengan UMKM PP 23 2018 (harus memiliki SUKET PP 23) | D25: =$D$16 -> 20000000 | E25: =IF($F$14="Orang Pribadi Non PKP",D25,D25*'%REF'!E25) -> 18018018 | F25: =E25*11/12 -> 16516517 | K25: =ROUNDDOWN($E25*'%REF'!J25,0) -> 90090 | L25: =D25-SUM(G25:K25) -> 19909910 | M25: =SUM(G25:L25)=D25 -> TRUE | N25: PPh 4 (2) | O25: ='%REF'!L25 -> 1 | P25: =O25*SUM(H25:K25) -> 90090 | Q25: =D25-G25-P25 -> 19909910
A26: PPh 4 (2) | B26: 10 | C26: pengalihan hak atas tanah dan atau bangunan | D26: =$D$16 -> 20000000 | E26: =IF($F$14="Orang Pribadi Non PKP",D26,D26*'%REF'!E26) -> 18018018 | F26: =E26*11/12 -> 16516517 | G26: =IF($F$14="Orang Pribadi Non PKP",0,ROUNDDOWN(F26*12%,0)) -> 1981981 | K26: =ROUNDDOWN($E26*'%REF'!J26,0) -> 450450 | L26: =D26-SUM(G26:K26) -> 17567569 | M26: =SUM(G26:L26)=D26 -> TRUE | N26: PPh 4 (2) | O26: ='%REF'!L26 -> 1 | P26: =O26*SUM(H26:K26) -> 450450 | Q26: =D26-G26-P26 -> 17567569
C27: DPP 50%
C28: PPh 21 atas
C29: Jasa Tenaga Ahli (Dokter, pengacara, dan akuntan, yang melakukan pekerjaan bebas dan bertindak untuk dan atas namanya sendiri, bukan untuk dan atas nama persekutuannya. | E29: NILAI KONTRAK | F29: 215000000 | G29: PUNYA NPWP | I29: JIKA TIDAK BER NPWP
C30: Narasumber, Moderator, Pembicara | E30: DPP (50%) | F30: =F29*50% -> 107500000
C31: Jasa Artis (Tanpa Melalui Manajemen) | D31: RANGE | E31: TARIF | F31: ALOKASI | G31: PAJAK | I31: DIKALIKAN | J31: PAJAK NON NPWP
C32: Jasa Dokumentasi dan Publikasi (Perorangan) | D32: 0-60jt | E32: 0.05 | F32: =IF(F30>60000000,60000000,F30) -> 60000000 | G32: =ROUNDDOWN(E32*F32,0) -> 3000000 | I32: 1.2 | J32: =ROUNDDOWN(G32*I32,0) -> 3600000
D33: 60jt-250jt | E33: 0.15 | F33: =IF(F30>60000000,IF(F30<=250000000,F30-60000000,250000000-60000000),0) -> 47500000 | G33: =ROUNDDOWN(E33*F33,0) -> 7125000 | I33: 1.2 | J33: =ROUNDDOWN(G33*I33,0) -> 8550000
D34: 250jt-500jt | E34: 0.25 | F34: =IF(F30>250000000,IF(F30<500000000,F30-250000000,500000000-250000000),0) -> 0 | G34: =ROUNDDOWN(E34*F34,0) -> 0 | I34: 1.2 | J34: =ROUNDDOWN(G34*I34,0) -> 0
D35: 500jt-5M | E35: 0.3 | F35: =IF(F30>500000000,IF(F30<=5000000000,F30-500000000,5000000000-500000000),0) -> 0 | G35: =ROUNDDOWN(E35*F35,0) -> 0 | I35: 1.2 | J35: =ROUNDDOWN(G35*I35,0) -> 0
D36: >5M | E36: 0.35 | F36: =IF(F30>5000000000,F30-5000000000,0) -> 0 | G36: =ROUNDDOWN(E36*F36,0) -> 0 | I36: 1.2 | J36: =ROUNDDOWN(G36*I36,0) -> 0
F37: TOTAL | G37: =SUM(G32:G36) -> 10125000 | I37: TOTAL | J37: =SUM(J32:J36) -> 12150000
F38: =F30=SUM(F32:F36) -> TRUE
C40: DPP 100%
C41: PPh 21 atas
C42: Peserta kegiatan | E42: NILAI KONTRAK | F42: 215000000 | G42: PUNYA NPWP | I42: JIKA TIDAK BER NPWP
C43: Menerima hadiah | E43: DPP (100%) | F43: =F42*100% -> 215000000
C44: Penghargaan Gubernur kepada Perorangan | D44: RANGE | E44: TARIF | F44: ALOKASI | G44: PAJAK | I44: DIKALIKAN | J44: PAJAK NON NPWP
C45: Jasa lain yang disediakan oleh Orang Pribadi | D45: 0-60jt | E45: 0.05 | F45: =IF(F43>60000000,60000000,F43) -> 60000000 | G45: =ROUNDDOWN(E45*F45,0) -> 3000000 | I45: 1.2 | J45: =ROUNDDOWN(G45*I45,0) -> 3600000
D46: 60jt-250jt | E46: 0.15 | F46: =IF(F43>60000000,IF(F43<=250000000,F43-60000000,250000000-60000000),0) -> 155000000 | G46: =ROUNDDOWN(E46*F46,0) -> 23250000 | I46: 1.2 | J46: =ROUNDDOWN(G46*I46,0) -> 27900000
D47: 250jt-500jt | E47: 0.25 | F47: =IF(F43>250000000,IF(F43<500000000,F43-250000000,500000000-250000000),0) -> 0 | G47: =ROUNDDOWN(E47*F47,0) -> 0 | I47: 1.2 | J47: =ROUNDDOWN(G47*I47,0) -> 0
D48: 500jt-5M | E48: 0.3 | F48: =IF(F43>500000000,IF(F43<=5000000000,F43-500000000,5000000000-500000000),0) -> 0 | G48: =ROUNDDOWN(E48*F48,0) -> 0 | I48: 1.2 | J48: =ROUNDDOWN(G48*I48,0) -> 0
D49: >5M | E49: 0.35 | F49: =IF(F43>5000000000,F43-5000000000,0) -> 0 | G49: =ROUNDDOWN(E49*F49,0) -> 0 | I49: 1.2 | J49: =ROUNDDOWN(G49*I49,0) -> 0
F50: TOTAL | G50: =SUM(G45:G49) -> 26250000 | I50: TOTAL | J50: =SUM(J45:J49) -> 31500000
F51: =F43=SUM(F45:F49) -> TRUE
D53: Catatan
D54: PPN | E54: Transaksi lebih dari 2 juta
D55: PPh 22 | E55: Transaksi lebih dari 2 juta
D56: PPh 23 | E56: Tidak ada batasan transaksi

Sheet %REF
C2: 1 | E2: 2 | F2: 3 | G2: 4 | H2: 5 | I2: 6 | J2: 8 | K2: Non NPWP | P2: TER PPH 21
A3: Jenis | B3: No | C3: JENIS KONTRAK | E3: DPP | F3: PPN | G3: PPH 21 | H3: PPH 22 | I3: PPH 23 | J3: PPh 4(2) | K3: Jenis pajak | L3: Dikenakan | P3: TER A: TK/0 TK/1 K/0
A4: PPh 23 | B4: 1 | C4: JASA | E4: 0.9009009 | F4: 0.11 | I4: 0.02 | K4: PPH 23 | L4: 2 | P4: TER B: TK/2 TK/3 K/1 K/2
A5: PPh 22 | B5: 2 | C5: BARANG | E5: 0.9009009 | F5: 0.11 | H5: 0.015 | K5: PPH 22 | L5: 2 | P5: TER C: K/3
A6: PPh 21 | B6: 3 | C6: A. HONOR ASN GOL II | E6: 1 | G6: 0 | K6: PPH 21 | L6: 1.2
A7: PPh 21 | C7: B. HONOR ASN GOL III | E7: 1 | G7: 0.05 | K7: PPH 21 | L7: 1.2
A8: PPh 21 | C8: C. HONOR ASN GOL IV | E8: 1 | G8: 0.15 | K8: PPH 21 | L8: 1.2
A9: PPh 23 | B9: 4 | C9: A. Belanja makan minum dengan menggunakan jasa katering | E9: 1 | I9: 0.02 | K9: PPH 23 | L9: 2
A10: PPh 22 | C10: B. Belanja makan minum yang disajikan di restoran, hotel, warung, rumah makan, dan semacamnya | E10: 1 | H10: 0.015 | K10: PPH 22 | L10: 2
A11: PPh 22 | C11: C. Belanja makanan dan minuman di minimarket atau semacamnya | E11: 0.9009009 | F11: 0.11 | H11: 0.015 | K11: PPH 22 | L11: 2
A12: PPh 22 | B12: 5 | C12: Belanja pada Sistem Informasi Pengadaan Pemerintah (SIPP), misal: SIPLAH, E-KATALOG, TOKO DARING | E12: 0.9009009 | F12: 0.11 | H12: 0.005 | K12: PPH 22 | L12: 2
A16: Jenis | B16: No | C16: JENIS KONTRAK | E16: DPP | F16: PPN | G16: PPH 21 | H16: PPH 22 | I16: PPH 23 | J16: PPh 4(2) | K16: Jenis pajak | L16: Dikenakan
A17: PPh 4 (2) | B17: 1 | C17: Pekerjaan Konstruksi (Memiliki Sertifikasi Kualifikasi Kecil/Perorangan) | E17: 0.9009009 | F17: 0.11 | J17: 0.0175 | K17: PPh 4 (2) | L17: 1
A18: PPh 4 (2) | B18: 2 | C18: Pekerjaan Konstruksi (Tidak Memiliki Sertifikasi Kualifikasi) | E18: 0.9009009 | F18: 0.11 | J18: 0.04 | K18: PPh 4 (2) | L18: 1
A19: PPh 4 (2) | B19: 3 | C19: Pekerjaan Konstruksi (Memiliki Sertifikasi selain Kualifikasi kecil) | E19: 0.9009009 | F19: 0.11 | J19: 0.0265 | K19: PPh 4 (2) | L19: 1
A20: PPh 4 (2) | B20: 4 | C20: Pekerjaan Konstruksi Terintegrasi (Memiliki sertifikasi) | E20: 0.9009009 | F20: 0.11 | J20: 0.0265 | K20: PPh 4 (2) | L20: 1
A21: PPh 4 (2) | B21: 5 | C21: Pekerjaan Konstruksi Terintegrasi (Tidak Memiliki sertifikasi) | E21: 0.9009009 | F21: 0.11 | J21: 0.04 | K21: PPh 4 (2) | L21: 1
A22: PPh 4 (2) | B22: 6 | C22: Konsultansi Konstruksi (Memiliki Sertifikasi) | E22: 0.9009009 | F22: 0.11 | J22: 0.035 | K22: PPh 4 (2) | L22: 1
A23: PPh 4 (2) | B23: 7 | C23: Konsultansi Konstruksi (Tidak Memiliki Sertifikasi) | E23: 0.9009009 | F23: 0.11 | J23: 0.06 | K23: PPh 4 (2) | L23: 1
A24: PPh 4 (2) | B24: 8 | C24: Sewa Gedung, Tanah, Gedung Pertemuan | E24: 0.9009009 | F24: 0.11 | J24: 0.1 | K24: PPh 4 (2) | L24: 1
A25: PPh 4 (2) | B25: 9 | C25: Transaksi dengan UMKM PP 23 2018 (harus memiliki SUKET PP 23) | E25: 0.9009009 | J25: 0.005 | K25: PPh 4 (2) | L25: 1
A26: PPh 4 (2) | B26: 10 | C26: pengalihan hak atas tanah dan atau bangunan | E26: 0.9009009 | F26: 0.11 | J26: 0.025 | K26: PPh 4 (2) | L26: 1
