Workbook

Sheet Kalender Konten
A1: KALENDER KONTEN INSTAGRAM BK — SMA Negeri 1 Cigalontang — TA 2026/2027
A2: Jadwal unggah: Senin (#SeninStarter), Rabu (#RabuRuangAman), Jumat (#JumatNgobrolBK). Baris berwarna krem = Sisa Semester 1 (bonus).
A4: No | B4: Minggu | C4: Semester | D4: Tanggal | E4: Hari | F4: Rubrik | G4: Tema Mingguan | H4: Momen Kalender | I4: Bidang | J4: Format | K4: Judul / Hook | L4: Isi Konten (Poin Slide/Adegan) | M4: CTA / Interaksi | N4: Kolaborasi | O4: Status | P4: Link Postingan
A5: 1 | B5: 1 | C5: Sisa Semester 1 (Bonus) | D5: 46314 | E5: Senin | F5: #SeninStarter | G5: Siap TKA, Siap Mental | H5: Menjelang Prakiraan TKA (26–30 Okt); Bulan Kesehatan Mental | I5: Belajar | J5: Carousel | K5: TKA Itu Apa Sih? 5 Hal yang Wajib Kamu Tahu | L5: Apa itu TKA & tujuannya • Siapa pesertanya • Mapel wajib & pilihan • Manfaat hasil TKA untuk seleksi lanjut • Cara latihan yang efektif | M5: Komen mapel pilihanmu & tag teman satu ruang ujian | N5: Wakasek Kurikulum / Proktor TKA | O5: Ide
A6: 2 | B6: 1 | C6: Sisa Semester 1 (Bonus) | D6: 46316 | E6: Rabu | F6: #RabuRuangAman | G6: Siap TKA, Siap Mental | H6: Menjelang Prakiraan TKA (26–30 Okt); Bulan Kesehatan Mental | I6: Pribadi | J6: Reels | K6: POV: H-7 TKA tapi Otak Nge-freeze | L6: Skit singkat siswa panik → teman ajak teknik grounding 5-4-3-2-1 • Napas kotak 4-4-4-4 • Pesan: cemas itu wajar, bisa dikelola | M6: Save & praktikkan sebelum tidur | N6: Siswa talent (dengan izin tertulis) | O6: Ide
A7: 3 | B7: 1 | C7: Sisa Semester 1 (Bonus) | D7: 46318 | E7: Jumat | F7: #JumatNgobrolBK | G7: Siap TKA, Siap Mental | H7: Menjelang Prakiraan TKA (26–30 Okt); Bulan Kesehatan Mental | I7: Belajar | J7: Single Image | K7: Checklist H-1 TKA | L7: Kartu peserta & alat tulis • Tidur 7–8 jam • Sarapan • Cek ruang & jadwal • Datang 30 menit lebih awal • Doa & niat jujur | M7: Save, lalu share ke grup kelas | N7: - | O7: Ide
A8: 4 | B8: 2 | C8: Sisa Semester 1 (Bonus) | D8: 46321 | E8: Senin | F8: #SeninStarter | G8: Pemuda Tangguh, Ujian Tenang | H8: Prakiraan TKA (26–30 Okt); Sumpah Pemuda (28 Okt) | I8: Pribadi | J8: Single Image | K8: Kamu Sudah Berusaha. Hasil Bukan Satu-satunya Ukuran Dirimu. | L8: Quote penyemangat hari pertama TKA • Visual hangat warna sekolah • Pengingat: BK siap jadi tempat cerita | M8: Kirim semangat untuk temanmu di kolom komentar | N8: - | O8: Ide
A9: 5 | B9: 2 | C9: Sisa Semester 1 (Bonus) | D9: 46323 | E9: Rabu | F9: #RabuRuangAman | G9: Pemuda Tangguh, Ujian Tenang | H9: Prakiraan TKA (26–30 Okt); Sumpah Pemuda (28 Okt) | I9: Sosial | J9: Carousel | K9: Sumpah Pemuda Versi Anak Muda Digital: 3 Janji Kita | L9: Satu ruang digital tanpa perundungan • Satu bahasa: santun di kolom komentar • Satu tekad: bersatu dalam beda (nilai Peace Generation) • Contoh aksi kecil | M9: Tulis 'janji digital'-mu di komentar | N9: OSIS & MPK | O9: Ide
A10: 6 | B10: 2 | C10: Sisa Semester 1 (Bonus) | D10: 46325 | E10: Jumat | F10: #JumatNgobrolBK | G10: Pemuda Tangguh, Ujian Tenang | H10: Prakiraan TKA (26–30 Okt); Sumpah Pemuda (28 Okt) | I10: Belajar | J10: Reels | K10: Habis Ujian, Stop Bahas Jawaban Sampai Overthinking | L10: Kenapa membahas jawaban bikin cemas • 3 cara 'decompress' setelah ujian (jalan, ngobrol hal lain, istirahat) • Fokus ke tes berikutnya | M10: Kamu tim bahas jawaban atau tim langsung lupa? Komen! | N10: - | O10: Ide
A11: 7 | B11: 3 | C11: Sisa Semester 1 (Bonus) | D11: 46328 | E11: Senin | F11: #SeninStarter | G11: Kelas XII Berjuang, Semua Mendukung | H11: Prakiraan TKA Kelas XII (2–6 Nov) | I11: Belajar | J11: Carousel | K11: Strategi Jitu Soal HOTS: Baca – Tandai – Eliminasi | L11: Baca pertanyaan dulu baru teks • Tandai kata kunci • Eliminasi opsi yang jelas salah • Atur waktu per soal • Jangan terpaku di satu soal | M11: Save untuk latihan berikutnya | N11: Guru mapel (Matematika/B. Indonesia) | O11: Ide
A12: 8 | B12: 3 | C12: Sisa Semester 1 (Bonus) | D12: 46330 | E12: Rabu | F12: #RabuRuangAman | G12: Kelas XII Berjuang, Semua Mendukung | H12: Prakiraan TKA Kelas XII (2–6 Nov) | I12: Pribadi | J12: Carousel | K12: Cemas Wajar vs Cemas Berlebihan: Kenali Bedanya | L12: Ciri cemas wajar (sementara, memotivasi) • Ciri cemas berlebih (mengganggu tidur, makan, aktivitas) • Cara menolong diri • Kapan perlu ke BK/profesional | M12: Butuh cerita? DM atau datang ke ruang BK | N12: - | O12: Ide
A13: 9 | B13: 3 | C13: Sisa Semester 1 (Bonus) | D13: 46332 | E13: Jumat | F13: #JumatNgobrolBK | G13: Kelas XII Berjuang, Semua Mendukung | H13: Prakiraan TKA Kelas XII (2–6 Nov) | I13: Sosial | J13: Reels | K13: Pesan Adik Kelas untuk Kakak XII | L13: Kompilasi video singkat siswa X & XI memberi semangat • Ditutup pesan guru BK | M13: Kakak XII, tag dirimu di komentar! | N13: OSIS / MPK, siswa X–XI | O13: Ide
A14: 10 | B14: 4 | C14: Sisa Semester 1 (Bonus) | D14: 46335 | E14: Senin | F14: #SeninStarter | G14: Jadi Pahlawan Masa Kini: Stop Perundungan | H14: Hari Pahlawan (10 Nov); World Kindness Day (13 Nov) | I14: Karier | J14: Carousel | K14: 5 Profesi 'Pahlawan Masa Kini' & Jurusan Kuliahnya | L14: Tenaga kesehatan (Keperawatan/Kedokteran) • Guru & Konselor (Kependidikan/BK) • Relawan bencana (Kesmas/Geografi) • Damkar & SAR • Pekerja sosial (Kesejahteraan Sosial) | M14: Profesi mana yang kamu impikan? | N14: - | O14: Ide
A15: 11 | B15: 4 | C15: Sisa Semester 1 (Bonus) | D15: 46337 | E15: Rabu | F15: #RabuRuangAman | G15: Jadi Pahlawan Masa Kini: Stop Perundungan | H15: Hari Pahlawan (10 Nov); World Kindness Day (13 Nov) | I15: Sosial | J15: Carousel | K15: Kamu Saksi Bullying? Jadi Pahlawan dengan 5D | L15: Distract (alihkan) • Delegate (minta bantuan guru/TPPK) • Document (catat bukti) • Delay (dampingi korban setelahnya) • Direct (tegur jika aman) • Info kanal lapor sekolah | M15: Share agar makin banyak 'pahlawan' di sekolah | N15: TPPK Sekolah | O15: Ide
A16: 12 | B16: 4 | C16: Sisa Semester 1 (Bonus) | D16: 46339 | E16: Jumat | F16: #JumatNgobrolBK | G16: Jadi Pahlawan Masa Kini: Stop Perundungan | H16: Hari Pahlawan (10 Nov); World Kindness Day (13 Nov) | I16: Sosial | J16: Reels | K16: #TantanganBaik 7 Hari ala SMANRICI | L16: Ide kebaikan kecil tiap hari: sapa teman baru, puji tulus, bantu piket, dll. • Ajak siswa unggah story & tag akun BK | M16: Ikut tantangan & tag @akunBK | N16: OSIS & PMR | O16: Ide
... A112: 108 | B112: 36 | C112: Semester 2 | D112: 46563 | E112: Jumat | F112: #JumatNgobrolBK | G112: Naik Kelas, Naik Level | H112: Penetapan & Pembagian Rapor (25 Jun); Hari Anti Narkotika Internasional (26 Jun) | I112: Pribadi | J112: Single Image | K112: Kamu Lebih dari Sekadar Nilai. Selamat Liburan! | L112: Ucapan pembagian rapor & naik kelas • Pengingat liburan aman & sehat • Info kontak BK selama libur | M112: Simpan & sampai jumpa tahun ajaran baru | N112: - | O112: Ide

Sheet Tema Mingguan
A1: TEMA MINGGUAN & STORIES PENDUKUNG
A3: Minggu | B3: Semester | C3: Periode | D3: Tema Mingguan | E3: Momen Kalender | F3: Senin | G3: Rabu | H3: Jumat | I3: Ide Stories Pendukung
A4: 1 | B4: Sisa Semester 1 (Bonus) | C4: 19 Oktober 2026 – 23 Oktober 2026 | D4: Siap TKA, Siap Mental | E4: Menjelang Prakiraan TKA (26–30 Okt); Bulan Kesehatan Mental | F4: [Carousel] TKA Itu Apa Sih? 5 Hal yang Wajib Kamu Tahu | G4: [Reels] POV: H-7 TKA tapi Otak Nge-freeze | H4: [Single Image] Checklist H-1 TKA | I4: Polling: 'Mapel pilihan TKA-mu apa?' • Kotak tanya: 'Apa yang paling bikin kamu cemas soal TKA?'
A5: 2 | B5: Sisa Semester 1 (Bonus) | C5: 26 Oktober 2026 – 30 Oktober 2026 | D5: Pemuda Tangguh, Ujian Tenang | E5: Prakiraan TKA (26–30 Okt); Sumpah Pemuda (28 Okt) | F5: [Single Image] Kamu Sudah Berusaha. Hasil Bukan Satu-satunya Ukuran Dirimu. | G5: [Carousel] Sumpah Pemuda Versi Anak Muda Digital: 3 Janji Kita | H5: [Reels] Habis Ujian, Stop Bahas Jawaban Sampai Overthinking | I5: Stiker 'Add Yours': kirim doa/semangat untuk teman yang TKA • Kuis Sumpah Pemuda
A6: 3 | B6: Sisa Semester 1 (Bonus) | C6: 2 November 2026 – 6 November 2026 | D6: Kelas XII Berjuang, Semua Mendukung | E6: Prakiraan TKA Kelas XII (2–6 Nov) | F6: [Carousel] Strategi Jitu Soal HOTS: Baca – Tandai – Eliminasi | G6: [Carousel] Cemas Wajar vs Cemas Berlebihan: Kenali Bedanya | H6: [Reels] Pesan Adik Kelas untuk Kakak XII | I6: Polling: 'Kamu tipe belajar pagi atau malam?' • Q&A 'Tanya BK soal kuliah'
A7: 4 | B7: Sisa Semester 1 (Bonus) | C7: 9 November 2026 – 13 November 2026 | D7: Jadi Pahlawan Masa Kini: Stop Perundungan | E7: Hari Pahlawan (10 Nov); World Kindness Day (13 Nov) | F7: [Carousel] 5 Profesi 'Pahlawan Masa Kini' & Jurusan Kuliahnya | G7: [Carousel] Kamu Saksi Bullying? Jadi Pahlawan dengan 5D | H7: [Reels] #TantanganBaik 7 Hari ala SMANRICI | I7: Kuis: 'Ini bullying atau bercanda?' • Stiker tantangan #TantanganBaik
A8: 5 | B8: Sisa Semester 1 (Bonus) | C8: 16 November 2026 – 20 November 2026 | D8: Beda Itu Biasa: Toleransi & Hak Anak | E8: Hari Toleransi Internasional (16 Nov); Hari Anak Sedunia (20 Nov) | F8: [Reels] Kerja Kelompok dengan Teman Beda Karakter Tanpa Drama | G8: [Carousel] Candaan SARA & Body Shaming: Bukan Lucu, Tapi Luka | H8: [Infografis] Hak Remaja yang Perlu Kamu Tahu | I8: Polling: 'Pernah jadi korban candaan soal fisik?' (anonim) • Info SAPA 129
A9: 6 | B9: Sisa Semester 1 (Bonus) | C9: 23 November 2026 – 27 November 2026 | D9: Terima Kasih, Guru | E9: Hari Guru Nasional (25 Nov) | F9: [Carousel] Takut Bertanya ke Guru? Ini Template Chat Sopan | G9: [Reels] Selamat Hari Guru: Pesan dari Kami untuk Bapak/Ibu Guru | H9: [Carousel] Mau Jadi Guru? Kenali Jalurnya | I9: Kotak pesan: 'Tulis ucapan untuk guru favoritmu' (direpost anonim)
A10: 7 | B10: Sisa Semester 1 (Bonus) | C10: 30 November 2026 – 4 Desember 2026 | D10: ASAS Mode: Fokus & Tenang | E10: ASAS (30 Nov–4 Des); Hari AIDS Sedunia (1 Des); Hari Disabilitas Internasional (3 Des) | F10: [Single Image] Tidur Cukup > Sistem Kebut Semalam | G10: [Carousel] Teknik Tenang 3 Menit Sebelum Ujian | H10: [Reels] ASAS Selesai! 5 Cara Recharge yang Sehat | I10: Countdown ASAS • Polling jam tidur semalam • Ucapan Hari Disabilitas
A11: 8 | B11: Sisa Semester 1 (Bonus) | C11: 7 Desember 2026 – 11 Desember 2026 | D11: Refleksi Semester: Aku yang Bertumbuh | E11: Pasca-ASAS / classmeeting; Hari HAM (10 Des) | F11: [Carousel] Evaluasi Belajar ala Start–Stop–Continue | G11: [Reels] Self-Compassion: Cara Bicara pada Diri Saat Nilai Belum Sesuai Harapan | H11: [Reels] Sportif Itu Keren: Classmeeting Tanpa Perundungan | I11: Template story 'Semester ini aku bangga karena…' • Polling lomba classmeeting favorit
A12: 9 | B12: Sisa Semester 1 (Bonus) | C12: 14 Desember 2026 – 18 Desember 2026 | D12: Remedial Bukan Aib, Kesempatan Kedua | E12: Masa remedial/pengayaan & pengolahan nilai | F12: [Single Image] Remedial = Second Chance, Bukan Label | G12: [Carousel] Cara Jujur ke Orang Tua soal Nilai | H12: [Kuis Interaktif] Kuis: Kamu Tipe RIASEC yang Mana? | I12: Kuis singkat RIASEC (story quiz) • Q&A 'Bingung jurusan?'
A13: 10 | B13: Sisa Semester 1 (Bonus) | C13: 21 Desember 2026 – 25 Desember 2026 | D13: Rapor & Rumah | E13: Hari Ibu (22 Des); Penetapan & Pembagian Rapor (23 Des); Natal (25 Des) | F13: [Carousel] 5 Cara Sederhana Bilang Sayang ke Ibu (Tanpa Canggung) | G13: [Carousel] Rapor Bukan Ramalan Masa Depan | H13: [Single Image] Damai dalam Keberagaman: Selamat Hari Natal | I13: Repost ucapan Hari Ibu siswa • Ucapan Natal • Polling 'Rencana liburanmu?'
A14: 11 | B14: Sisa Semester 1 (Bonus) | C14: 28 Desember 2026 – 1 Januari 2027 | D14: Liburan Waras: Istirahat Tanpa Rasa Bersalah | E14: Libur Semester 1 (28–31 Des); Tahun Baru (1 Jan) | F14: [Reels] Tantangan Digital Detox Ringan: 1 Jam Tanpa HP per Hari | G14: [Carousel] 7 Ide Liburan Produktif Versi Santai | H14: [Single Image] Selamat Tahun Baru 2027! Satu Kata untuk Tahunmu? | I14: Tantangan '1 jam tanpa HP' • Template 'Word of the Year 2027'
A15: 12 | B15: Sisa Semester 1 (Bonus) | C15: 4 Januari 2027 – 8 Januari 2027 | D15: Siapkan Diri untuk Semester Baru | E15: Libur Semester 1 (4–8 Jan); Isra Mi'raj (5 Jan) | F15: [Carousel] Resolusi Sering Gagal? Coba SMART Goal + Kebiasaan Kecil | G15: [Single Image] Isra Mi'raj: Jeda untuk Menenangkan Hati | H15: [Infografis] Kelas XII: Timeline SNPMB 2027 yang Wajib Dipantau | I15: Polling: 'Siap masuk sekolah?' • Countdown hari pertama semester 2
... A39: 36 | B39: Semester 2 | C39: 21 Juni 2027 – 25 Juni 2027 | D39: Naik Kelas, Naik Level | E39: Penetapan & Pembagian Rapor (25 Jun); Hari Anti Narkotika Internasional (26 Jun) | F39: [Carousel] Untuk Orang Tua: 5 Cara Merespons Rapor Anak | G39: [Carousel] Naik ke Kelas XII? Mulai Siapkan Portofolio & Target PTN | H39: [Single Image] Kamu Lebih dari Sekadar Nilai. Selamat Liburan! | I39: Ucapan naik kelas • Info layanan BK saat libur • Kampanye HANI

Sheet Rekap
A1: REKAP SEBARAN KONTEN
A3: Bidang | B3: Sisa Semester 1 (Bonus) | C3: Semester 2 | D3: Total
A4: Pribadi | B4: =COUNTIFS('Kalender Konten'!$I$5:$I$112,$A4,'Kalender Konten'!$C$5:$C$112,"Sisa Semester 1 (Bonus)") | C4: =COUNTIFS('Kalender Konten'!$I$5:$I$112,$A4,'Kalender Konten'!$C$5:$C$112,"Semester 2") | D4: =SUM(B4:C4)
A5: Sosial | B5: =COUNTIFS('Kalender Konten'!$I$5:$I$112,$A5,'Kalender Konten'!$C$5:$C$112,"Sisa Semester 1 (Bonus)") | C5: =COUNTIFS('Kalender Konten'!$I$5:$I$112,$A5,'Kalender Konten'!$C$5:$C$112,"Semester 2") | D5: =SUM(B5:C5)
A6: Belajar | B6: =COUNTIFS('Kalender Konten'!$I$5:$I$112,$A6,'Kalender Konten'!$C$5:$C$112,"Sisa Semester 1 (Bonus)") | C6: =COUNTIFS('Kalender Konten'!$I$5:$I$112,$A6,'Kalender Konten'!$C$5:$C$112,"Semester 2") | D6: =SUM(B6:C6)
A7: Karier | B7: =COUNTIFS('Kalender Konten'!$I$5:$I$112,$A7,'Kalender Konten'!$C$5:$C$112,"Sisa Semester 1 (Bonus)") | C7: =COUNTIFS('Kalender Konten'!$I$5:$I$112,$A7,'Kalender Konten'!$C$5:$C$112,"Semester 2") | D7: =SUM(B7:C7)
A9: Format | B9: Sisa Semester 1 (Bonus) | C9: Semester 2 | D9: Total
A10: Carousel | B10: =COUNTIFS('Kalender Konten'!$J$5:$J$112,$A10,'Kalender Konten'!$C$5:$C$112,"Sisa Semester 1 (Bonus)") | C10: =COUNTIFS('Kalender Konten'!$J$5:$J$112,$A10,'Kalender Konten'!$C$5:$C$112,"Semester 2") | D10: =SUM(B10:C10)
A11: Infografis | B11: =COUNTIFS('Kalender Konten'!$J$5:$J$112,$A11,'Kalender Konten'!$C$5:$C$112,"Sisa Semester 1 (Bonus)") | C11: =COUNTIFS('Kalender Konten'!$J$5:$J$112,$A11,'Kalender Konten'!$C$5:$C$112,"Semester 2") | D11: =SUM(B11:C11)
A12: Kuis Interaktif | B12: =COUNTIFS('Kalender Konten'!$J$5:$J$112,$A12,'Kalender Konten'!$C$5:$C$112,"Sisa Semester 1 (Bonus)") | C12: =COUNTIFS('Kalender Konten'!$J$5:$J$112,$A12,'Kalender Konten'!$C$5:$C$112,"Semester 2") | D12: =SUM(B12:C12)
A13: Photo Dump | B13: =COUNTIFS('Kalender Konten'!$J$5:$J$112,$A13,'Kalender Konten'!$C$5:$C$112,"Sisa Semester 1 (Bonus)") | C13: =COUNTIFS('Kalender Konten'!$J$5:$J$112,$A13,'Kalender Konten'!$C$5:$C$112,"Semester 2") | D13: =SUM(B13:C13)
A14: Reels | B14: =COUNTIFS('Kalender Konten'!$J$5:$J$112,$A14,'Kalender Konten'!$C$5:$C$112,"Sisa Semester 1 (Bonus)") | C14: =COUNTIFS('Kalender Konten'!$J$5:$J$112,$A14,'Kalender Konten'!$C$5:$C$112,"Semester 2") | D14: =SUM(B14:C14)
A15: Single Image | B15: =COUNTIFS('Kalender Konten'!$J$5:$J$112,$A15,'Kalender Konten'!$C$5:$C$112,"Sisa Semester 1 (Bonus)") | C15: =COUNTIFS('Kalender Konten'!$J$5:$J$112,$A15,'Kalender Konten'!$C$5:$C$112,"Semester 2") | D15: =SUM(B15:C15)
A17: Status | B17: Sisa Semester 1 (Bonus) | C17: Semester 2 | D17: Total
A18: Ide | B18: =COUNTIFS('Kalender Konten'!$O$5:$O$112,$A18,'Kalender Konten'!$C$5:$C$112,"Sisa Semester 1 (Bonus)") | C18: =COUNTIFS('Kalender Konten'!$O$5:$O$112,$A18,'Kalender Konten'!$C$5:$C$112,"Semester 2") | D18: =SUM(B18:C18)
A19: Naskah | B19: =COUNTIFS('Kalender Konten'!$O$5:$O$112,$A19,'Kalender Konten'!$C$5:$C$112,"Sisa Semester 1 (Bonus)") | C19: =COUNTIFS('Kalender Konten'!$O$5:$O$112,$A19,'Kalender Konten'!$C$5:$C$112,"Semester 2") | D19: =SUM(B19:C19)
A20: Desain | B20: =COUNTIFS('Kalender Konten'!$O$5:$O$112,$A20,'Kalender Konten'!$C$5:$C$112,"Sisa Semester 1 (Bonus)") | C20: =COUNTIFS('Kalender Konten'!$O$5:$O$112,$A20,'Kalender Konten'!$C$5:$C$112,"Semester 2") | D20: =SUM(B20:C20)
A21: Review | B21: =COUNTIFS('Kalender Konten'!$O$5:$O$112,$A21,'Kalender Konten'!$C$5:$C$112,"Sisa Semester 1 (Bonus)") | C21: =COUNTIFS('Kalender Konten'!$O$5:$O$112,$A21,'Kalender Konten'!$C$5:$C$112,"Semester 2") | D21: =SUM(B21:C21)
A22: Terjadwal | B22: =COUNTIFS('Kalender Konten'!$O$5:$O$112,$A22,'Kalender Konten'!$C$5:$C$112,"Sisa Semester 1 (Bonus)") | C22: =COUNTIFS('Kalender Konten'!$O$5:$O$112,$A22,'Kalender Konten'!$C$5:$C$112,"Semester 2") | D22: =SUM(B22:C22)
A23: Terunggah | B23: =COUNTIFS('Kalender Konten'!$O$5:$O$112,$A23,'Kalender Konten'!$C$5:$C$112,"Sisa Semester 1 (Bonus)") | C23: =COUNTIFS('Kalender Konten'!$O$5:$O$112,$A23,'Kalender Konten'!$C$5:$C$112,"Semester 2") | D23: =SUM(B23:C23)

Sheet Panduan
A1: PANDUAN KALENDER KONTEN
A3: RUBRIK HARIAN
A4: Senin — #SeninStarter | B4: Motivasi & tips praktis awal minggu (fokus Belajar/Karier)
A5: Rabu — #RabuRuangAman | B5: Edukasi mendalam isu Pribadi/Sosial, bahasa hangat & validatif
A6: Jumat — #JumatNgobrolBK | B6: Konten ringan, relatable, interaktif & kolaborasi (Reels, kuis, Kata Alumni)
A7: Stories (harian) | B7: Polling, kuis, Q&A, countdown, repost — ide per minggu ada di sheet 'Tema Mingguan'.
A9: BIDANG LAYANAN
A10: Pribadi | B10: Kesehatan mental, emosi, kepercayaan diri, spiritual
A11: Sosial | B11: Pertemanan, keluarga, anti-perundungan, toleransi, keamanan digital
A12: Belajar | B12: Strategi belajar, manajemen waktu, ujian, integritas akademik
A13: Karier | B13: Minat-bakat, prodi & kampus, SNPMB, mapel pilihan, dunia kerja
A15: FORMAT
A16: Carousel | B16: Edukasi bertahap: Slide 1 hook → isi (1 poin/slide, maks 30 kata) → slide CTA + info layanan BK. Ukuran 1080×1350.
A17: Reels | B17: 15–60 detik, hook di 3 detik pertama, teks di layar + subtitle, audio tren yang aman. Ukuran 1080×1920.
A18: Single Image | B18: Quote, ucapan hari besar, pengingat singkat. Teks besar & kontras tinggi.
A19: Infografis | B19: Satu gambar padat informasi (checklist, jadwal, alur). Layak di-save; cantumkan sumber data.
A20: Kuis Interaktif | B20: Carousel kuis + stiker kuis di Stories; jawaban diumumkan di Stories berikutnya.
A21: Photo Dump | B21: Carousel foto dokumentasi kegiatan (maks 10 foto), wajah siswa hanya dengan izin.
A23: HASHTAG TETAP | B23: #BKSMANCigalontang #BimbinganKonseling #GuruBK #RemajaBerdaya #SMANRICI
A24: Hashtag Pribadi | B24: #KesehatanMentalRemaja #KenaliDirimu #SelfLove #MentalHealthID
A25: Hashtag Sosial | B25: #AntiBullying #PersahabatanSehat #HubunganSehat #StopKekerasan
A26: Hashtag Belajar | B26: #TipsStudy #MotivasiBelajar #StudyWithMe #BelajarItuAsik
A27: Hashtag Karier | B27: #PilihJurusan #RencanaKarier #MimpiBesar #GenZBekerja
A29: CATATAN PENTING
A30: Hari libur | B30: Konten tetap diunggah memakai fitur jadwal (Meta Business Suite / Instagram scheduler).
A31: Tanggal perkiraan | B31: Tanggal SNPMB/UTBK, TKA, dan hari besar berlabel 'perkiraan' wajib dicek ulang ke sumber resmi sebelum diunggah.
A32: Privasi siswa | B32: Tidak menampilkan wajah/identitas siswa tanpa izin tertulis; cerita kasus selalu fiktif atau dianonimkan.
A33: Topik sensitif | B33: Self-harm, kekerasan seksual, judol, narkoba: ikuti safe messaging, cantumkan layanan BK, SAPA 129, Into The Light (119 ext 8).
A34: Kolaborasi | B34: Hubungi mitra (OSIS, Rohis, PMR/UKS, guru mapel, alumni, Puskesmas, BNNK) minimal 1 minggu sebelum tanggal unggah.
A35: Alur status | B35: Ide → Naskah → Desain → Review (Guru BK) → Terjadwal → Terunggah.
A36: Sumber | B36: Kalender Pendidikan SMAN 1 Cigalontang TA 2026/2027 (ditetapkan 15 Juli 2026).
